Type,Plant / Project name,Capacity (MW),Status,Start year,Latitude,Longitude,Location accuracy,City,GEM.Wiki URL
solar,4B Eregli Biyokutle Enerji Santrali solar project,1.6,operating,,37.8727,32.4924,approximate,Konya,https://www.gem.wiki/4B_Eregli_Biyokutle_Enerji_Santrali_solar_project
solar,5Er Biyokutle Santrali solar project,1.1,operating,,37.8727,32.4924,approximate,Konya,https://www.gem.wiki/5Er_Biyokutle_Santrali_solar_project
solar,Acidort solar project,5,operating,2015,37.958,32.772,approximate,Karatay,https://www.gem.wiki/Acidort_solar_project
solar,Acipayam Akfen solar project,6.6,operating,2016,37.4123,29.4366,approximate,,https://www.gem.wiki/Acipayam_Akfen_solar_project
solar,Acipinar solar project,8,operating,2015,37.586,34.142,approximate,Acıpınar,https://www.gem.wiki/Acipinar_solar_project
solar,Afta solar farm,13.7,operating,2019,37.7331,33.5655,exact,Konya,https://www.gem.wiki/Afta_solar_farm
solar,Afyon Biyogaz Santrali solar project,4.1,operating,,38.6853,30.6427,approximate,Afyonkarahisar,https://www.gem.wiki/Afyon_Biyogaz_Santrali_solar_project
solar,Afyon-1 Biyogaz Santrali solar project,8.7,operating,,38.6853,30.6427,approximate,Afyonkarahisar,https://www.gem.wiki/Afyon-1_Biyogaz_Santrali_solar_project
solar,Akhisar EP solar project,9.2,operating,2018,38.9739,28.1005,approximate,,https://www.gem.wiki/Akhisar_EP_solar_project
solar,Akmezra A solar project,5,operating,2017,38.7052,39.7991,approximate,Akmezra,https://www.gem.wiki/Akmezra_A_solar_project
solar,Akoda Hybrid solar project,3.2,operating,,37.8727,32.4924,approximate,Konya,https://www.gem.wiki/Akoda_Hybrid_solar_project
solar,Aksaray Cop Gaz Elektrik Uretim Tesisi solar project,1.5,operating,,38.4326,33.8977,approximate,Aksaray,https://www.gem.wiki/Aksaray_Cop_Gaz_Elektrik_Uretim_Tesisi_solar_project
solar,Aksaray solar farm,3.5,operating,2017,38.3629,34.014,approximate,,https://www.gem.wiki/Aksaray_solar_farm
solar,Aksungur solar project,7,operating,2018,40.5297,34.808,approximate,,https://www.gem.wiki/Aksungur_solar_project
solar,Alages Adilcevaz solar farm,24,operating,2020,38.9164,42.6117,exact,,https://www.gem.wiki/Alages_Adilcevaz_solar_farm
solar,Alibey solar farm,8,operating,2020,37.4602,32.6838,exact,Konya,https://www.gem.wiki/Alibey_solar_farm
solar,Alibeyhöyüğü solar farm,18,operating,2019,37.4661,32.5991,exact,Konya,https://www.gem.wiki/Alibeyhöyüğü_solar_farm
solar,Amasya Boyali solar farm,10.4,operating,2019,40.5147,35.6614,approximate,,https://www.gem.wiki/Amasya_Boyali_solar_farm
solar,Apa solar farm,13.1,operating,2019,37.3756,32.5466,exact,Konya,https://www.gem.wiki/Apa_solar_farm
solar,Arf Odemis Biogaz Uretim Tesisi solar project,5,operating,,38.4237,27.1428,approximate,Izmir,https://www.gem.wiki/Arf_Odemis_Biogaz_Uretim_Tesisi_solar_project
solar,As Koc Biyogaz Tesisi solar project,4.9,operating,,37.9162,40.2364,approximate,Diyarbakir,https://www.gem.wiki/As_Koc_Biyogaz_Tesisi_solar_project
solar,As Koc Kirsehir Hybrid solar project,3.2,operating,,39.3303,34.1266,approximate,Kirsehir,https://www.gem.wiki/As_Koc_Kirsehir_Hybrid_solar_project
solar,As Koc Polatli Hybrid solar project,3.2,operating,,39.9208,32.854,approximate,Ankara,https://www.gem.wiki/As_Koc_Polatli_Hybrid_solar_project
solar,Asagi solar farm,80,operating,2021,38.8345,40.7062,exact,,https://www.gem.wiki/Asagi_solar_farm
solar,Aslan Biyogaz solar project,4.6,operating,,39.9208,32.854,approximate,Ankara,https://www.gem.wiki/Aslan_Biyogaz_solar_project
solar,Astor solar project,9,operating,2016,37.427,38.211,approximate,Yeşil Ova,https://www.gem.wiki/Astor_solar_project
solar,Asya Biyogaz Tesisi solar project,3.1,operating,,37.8727,32.4924,approximate,Konya,https://www.gem.wiki/Asya_Biyogaz_Tesisi_solar_project
solar,Ayas solar farm,7.9,operating,2017,39.992,32.354,exact,,https://www.gem.wiki/Ayas_solar_farm
solar,Ayvali A solar project,7,operating,2017,38.804,30.2601,approximate,Ayvali,https://www.gem.wiki/Ayvali_A_solar_project
solar,Ayvali B solar project,7,operating,2017,38.817,30.2401,approximate,Ayvali,https://www.gem.wiki/Ayvali_B_solar_project
solar,Ayvali solar project,15.5,operating,2018,38.801,30.273,approximate,Ayvali,https://www.gem.wiki/Ayvali_solar_project
solar,Babil Biyogaz Tesisi solar project,4.8,operating,,37.1596,38.7919,approximate,Sanliurfa,https://www.gem.wiki/Babil_Biyogaz_Tesisi_solar_project
solar,Badak solar project,6.7,operating,2015,37.744,34.398,approximate,Badak,https://www.gem.wiki/Badak_solar_project
solar,Baglar Hybrid solar farm,26,operating,2024,38.1228,32.7004,approximate,,https://www.gem.wiki/Baglar_Hybrid_solar_farm
solar,Bala solar farm,4.2,operating,2016,39.214,33.035,exact,,https://www.gem.wiki/Bala_solar_farm
solar,Balikesir Biyogaz Enerji Santrali solar project,3.3,operating,,39.5401,28.0229,approximate,Balikesir,https://www.gem.wiki/Balikesir_Biyogaz_Enerji_Santrali_solar_project
solar,Balikesir Biyogaz Tesisi solar project,1.5,operating,,39.5401,28.0229,approximate,Balikesir,https://www.gem.wiki/Balikesir_Biyogaz_Tesisi_solar_project
solar,Balikesir Cop Gaz Elektrik Uretim Tesisi solar project,11.6,operating,,39.5401,28.0229,approximate,Balikesir,https://www.gem.wiki/Balikesir_Cop_Gaz_Elektrik_Uretim_Tesisi_solar_project
solar,Balli solar project,6,operating,2017,39.941,33.703,approximate,Balli,https://www.gem.wiki/Balli_solar_project
solar,Basmakci Biyokutle Enerji Santrali solar project,4.1,operating,,38.6853,30.6427,approximate,Afyonkarahisar,https://www.gem.wiki/Basmakci_Biyokutle_Enerji_Santrali_solar_project
solar,Basmakci Biyokutle Enerji Santrali-2 solar project,4.1,operating,,38.6853,30.6427,approximate,Afyonkarahisar,https://www.gem.wiki/Basmakci_Biyokutle_Enerji_Santrali-2_solar_project
solar,Basoren solar project,8.7,operating,2017,37.183,35.587,approximate,,https://www.gem.wiki/Basoren_solar_project
solar,Batman Rafinerisi Santrali solar project,6.2,operating,,37.7874,41.2574,approximate,Batman,https://www.gem.wiki/Batman_Rafinerisi_Santrali_solar_project
solar,Bayburt Belediye solar farm,4.6,operating,2017,40.263,40.158,exact,,https://www.gem.wiki/Bayburt_Belediye_solar_farm
solar,Bayramgazi solar project,11.9,operating,2018,38.8601,30.382,approximate,Bayramgazi,https://www.gem.wiki/Bayramgazi_solar_project
solar,Bbr Konya Enerji Uretim Tesisii solar project,1.6,operating,,37.8727,32.4924,approximate,Konya,https://www.gem.wiki/Bbr_Konya_Enerji_Uretim_Tesisii_solar_project
solar,Bekmezci Biyogaz Enerji Santrali solar project,3.2,operating,,40.6668,33.4526,approximate,Cankiri,https://www.gem.wiki/Bekmezci_Biyogaz_Enerji_Santrali_solar_project
solar,Beta solar project,1,operating,,36.9864,35.3253,approximate,Adana,https://www.gem.wiki/Beta_solar_project
solar,Beyaz Piramit Biyogaz Santrali solar project,3,operating,,37.8727,32.4924,approximate,Konya,https://www.gem.wiki/Beyaz_Piramit_Biyogaz_Santrali_solar_project
solar,Beylikova Biyogaz Enerji Santrali solar project,3.2,operating,,39.7744,30.5191,approximate,Eskisehir,https://www.gem.wiki/Beylikova_Biyogaz_Enerji_Santrali_solar_project
solar,Bientas Kasinhani Elektrik Uretim Tesisi solar project,9.6,operating,,37.8727,32.4924,approximate,Konya,https://www.gem.wiki/Bientas_Kasinhani_Elektrik_Uretim_Tesisi_solar_project
solar,Bientas Konya Termal Bertaraf Tesisi solar project,7,operating,,37.8727,32.4924,approximate,Konya,https://www.gem.wiki/Bientas_Konya_Termal_Bertaraf_Tesisi_solar_project
solar,Bingol Biyogaz Tesisi solar project,4.4,operating,,38.8861,40.4972,approximate,Bingol,https://www.gem.wiki/Bingol_Biyogaz_Tesisi_solar_project
solar,Birlik Uretim Hybrid solar project,10,operating,,38.4326,33.8977,approximate,Aksaray,https://www.gem.wiki/Birlik_Uretim_Hybrid_solar_project
solar,Biyosan Hybrid solar project,1.6,operating,,38.4326,33.8977,approximate,Aksaray,https://www.gem.wiki/Biyosan_Hybrid_solar_project
solar,Bolvadin solar farm,13.5,operating,2017,38.753,31.003,exact,,https://www.gem.wiki/Bolvadin_solar_farm
solar,Bor Hybrid solar project,13.5,operating,,38.6853,30.6427,approximate,Afyonkarahisar,https://www.gem.wiki/Bor_Hybrid_solar_project
solar,Bor Hybrid solar project-solar project,5.5,operating,,38.0665,34.7051,approximate,Nigde,https://www.gem.wiki/Bor_Hybrid_solar_project-solar_project
solar,Bozkir Hybrid solar project,1.6,operating,,37.8727,32.4924,approximate,Konya,https://www.gem.wiki/Bozkir_Hybrid_solar_project
solar,Buget solar farm,15.8,operating,2020,38.4382,36.975,exact,Kahramanmaras,https://www.gem.wiki/Buget_solar_farm
solar,Buget solar farm,10.6,operating,2020,38.4422,36.9769,exact,Kahramanmaras,https://www.gem.wiki/Buget_solar_farm
solar,Buharkent Hybrid solar project,14.1,operating,,37.8484,27.8436,approximate,Aydin,https://www.gem.wiki/Buharkent_Hybrid_solar_project
solar,Buldan A solar project,5,operating,2017,37.9903,28.8987,approximate,,https://www.gem.wiki/Buldan_A_solar_project
solar,Burak-1 Biyokutle Hibrit Gunes Elektrik Santrali solar project,16.3,operating,,40.7732,30.4816,approximate,Sakarya,https://www.gem.wiki/Burak-1_Biyokutle_Hibrit_Gunes_Elektrik_Santrali_solar_project
solar,Burdur solar farm,8.3,operating,2015,37.507,30.012,exact,,https://www.gem.wiki/Burdur_solar_farm
solar,Burdur solar farm,10,operating,2016,37.7187,30.2827,approximate,,https://www.gem.wiki/Burdur_solar_farm
solar,Büyükalan solar farm,23.4,operating,2020,37.0173,31.7398,exact,Büyükalan,https://www.gem.wiki/Büyükalan_solar_farm
solar,Cagirgan solar project,6.1,operating,2014,37.346,29.005,approximate,Çağırgan,https://www.gem.wiki/Cagirgan_solar_project
solar,Caglayanlar 2 Hybrid solar project,4.6,operating,,39.3303,34.1266,approximate,Kirsehir,https://www.gem.wiki/Caglayanlar_2_Hybrid_solar_project
solar,Cakirman Regulatoru Ve Hybrid solar project,7.1,operating,,39.6073,39.2013,approximate,Erzincan,https://www.gem.wiki/Cakirman_Regulatoru_Ve_Hybrid_solar_project
solar,Callica solar project,4.9,operating,2016,37.488,30.018,approximate,,https://www.gem.wiki/Callica_solar_project
solar,Canakkale Depo Gazindan Elektrik Uretim Tesisi solar project,1.2,operating,,40.055,26.9278,approximate,Canakkale,https://www.gem.wiki/Canakkale_Depo_Gazindan_Elektrik_Uretim_Tesisi_solar_project
solar,Cayalti Reg. Ve Hybrid solar project,11,operating,,41.2503,31.839,approximate,Zonguldak,https://www.gem.wiki/Cayalti_Reg._Ve_Hybrid_solar_project
solar,Cerkezkoy-Tekirdag solar project,1.2,operating,,40.9913,27.3676,approximate,Tekirdag,https://www.gem.wiki/Cerkezkoy-Tekirdag_solar_project
solar,Ceylani Biyogaz solar project,3.2,operating,,37.8727,32.4924,approximate,Konya,https://www.gem.wiki/Ceylani_Biyogaz_solar_project
solar,Ceylanpinar Biyokutle Enerji Santrali solar project,2.8,operating,,37.1596,38.7919,approximate,Sanliurfa,https://www.gem.wiki/Ceylanpinar_Biyokutle_Enerji_Santrali_solar_project
solar,Cifteler solar farm,4.6,operating,2017,39.7761,30.5208,approximate,,https://www.gem.wiki/Cifteler_solar_farm
solar,Ciftlik solar project,6.3,operating,2016,39.0444,36.0676,approximate,Çiftlik,https://www.gem.wiki/Ciftlik_solar_project
solar,Cihanbeyli solar project,9.8,operating,2018,38.656,32.807,approximate,,https://www.gem.wiki/Cihanbeyli_solar_project
solar,Cine A solar project,5,operating,2017,37.717,28.012,approximate,,https://www.gem.wiki/Cine_A_solar_project
solar,Cine solar project,10.7,operating,2017,37.701,28.003,approximate,Altinova,https://www.gem.wiki/Cine_solar_project
solar,Cingilli solar farm,26,operating,2018,37.771,34.357,exact,,https://www.gem.wiki/Cingilli_solar_farm
solar,Corum Hybrid solar project,6.2,operating,,40.5491,34.9602,approximate,Corum,https://www.gem.wiki/Corum_Hybrid_solar_project
solar,Corum solar farm,10.3,operating,2017,40.4906,34.8939,exact,,https://www.gem.wiki/Corum_solar_farm
solar,Corum Sungurlu Osb Piroliz Tesisi solar project,2.4,operating,,40.5491,34.9602,approximate,Corum,https://www.gem.wiki/Corum_Sungurlu_Osb_Piroliz_Tesisi_solar_project
solar,Cumra Biyogaz Enerji Uretim Santrali solar project,6.2,operating,,37.8727,32.4924,approximate,Konya,https://www.gem.wiki/Cumra_Biyogaz_Enerji_Uretim_Santrali_solar_project
solar,Dariveren Hybrid solar project,3.2,operating,,41.0918,29.7895,approximate,Denizli,https://www.gem.wiki/Dariveren_Hybrid_solar_project
solar,De Solar 7 Hybrid solar project,3.3,operating,,39.9208,32.854,approximate,Ankara,https://www.gem.wiki/De_Solar_7_Hybrid_solar_project
solar,Degisoren solar farm,5.8,operating,2017,39.7761,30.5208,approximate,,https://www.gem.wiki/Degisoren_solar_farm
solar,Demircit solar project,9,operating,2017,37.215,34.999,approximate,Demirçit,https://www.gem.wiki/Demircit_solar_project
solar,Denizli Enerji Biyogaz Tesisi solar project,1.5,operating,,37.8276,29.239,approximate,Denizli,https://www.gem.wiki/Denizli_Enerji_Biyogaz_Tesisi_solar_project
solar,Denizli solar farm,14,operating,2017,37.868,29.078,exact,,https://www.gem.wiki/Denizli_solar_farm
solar,Denizli Tavas solar farm,5.7,operating,2019,37.611,29.0821,exact,Denizli,https://www.gem.wiki/Denizli_Tavas_solar_farm
solar,Denizli Tavas solar farm,3.3,operating,2019,37.611,29.0821,exact,Denizli,https://www.gem.wiki/Denizli_Tavas_solar_farm
solar,Derekoy Reg. Ve Hybrid solar project,5.8,operating,,36.8865,30.703,approximate,Antalya,https://www.gem.wiki/Derekoy_Reg._Ve_Hybrid_solar_project
solar,Derinkuyu solar farm,17,operating,,38.4201,34.688,exact,,https://www.gem.wiki/Derinkuyu_solar_farm
solar,Dharma Biogaz solar project,1.5,operating,,39.7744,30.5191,approximate,Eskisehir,https://www.gem.wiki/Dharma_Biogaz_solar_project
solar,Didim solar project,11,operating,2017,37.427,27.275,approximate,,https://www.gem.wiki/Didim_solar_project
solar,Dinar Biyogaz Tesisi solar project,1.2,operating,,38.6853,30.6427,approximate,Afyonkarahisar,https://www.gem.wiki/Dinar_Biyogaz_Tesisi_solar_project
solar,Dnz Copgazi Elektrik Uretim Tesisi solar project,5.8,operating,,37.8276,29.239,approximate,Denizli,https://www.gem.wiki/Dnz_Copgazi_Elektrik_Uretim_Tesisi_solar_project
solar,Dogalar solar farm,5.2,operating,2017,39.4181,29.9943,approximate,,https://www.gem.wiki/Dogalar_solar_farm
solar,Dogu Hybrid solar project,10.3,operating,,38.8861,40.4972,approximate,Bingol,https://www.gem.wiki/Dogu_Hybrid_solar_project
solar,Duru Reg. Ve Hybrid solar project,10.7,operating,,40.6569,35.7727,approximate,Amasya,https://www.gem.wiki/Duru_Reg._Ve_Hybrid_solar_project
solar,Durum Gida Termik-Kojenerasyon solar project,14.2,operating,,36.7978,34.6298,approximate,Mersin,https://www.gem.wiki/Durum_Gida_Termik-Kojenerasyon_solar_project
solar,Duzce Biyokutle Enerji Uretim Tesisi solar project,12.5,operating,,40.8775,31.201,approximate,Duzce,https://www.gem.wiki/Duzce_Biyokutle_Enerji_Uretim_Tesisi_solar_project
solar,Edikli solar farm,15.2,operating,2020,38.2858,34.9621,exact,Nigde,https://www.gem.wiki/Edikli_solar_farm
solar,Edirne Biyometanizasyon Elektrik Uretim Tesisi solar project,1.6,operating,,41.6764,26.5567,approximate,Edirne,https://www.gem.wiki/Edirne_Biyometanizasyon_Elektrik_Uretim_Tesisi_solar_project
solar,Ege Ii-Iii-Iv Hybrid solar project,4,operating,,41.0918,29.7895,approximate,Denizli,https://www.gem.wiki/Ege_Ii-Iii-Iv_Hybrid_solar_project
solar,Egribayat solar project,11,operating,2018,38.114,32.7823,approximate,Eğribayat,https://www.gem.wiki/Egribayat_solar_project
solar,Ekomas Kirklareli Biyokutle solar project,10.5,operating,,41.7078,27.6051,approximate,Kirklareli,https://www.gem.wiki/Ekomas_Kirklareli_Biyokutle_solar_project
solar,Elazig Biokutle Enerji Santrali solar project,2.8,operating,,38.5825,39.3962,approximate,Elazig,https://www.gem.wiki/Elazig_Biokutle_Enerji_Santrali_solar_project
solar,Emet solar farm,5.7,operating,2017,39.4181,29.9943,approximate,,https://www.gem.wiki/Emet_solar_farm
solar,Emirdag solar farm,5.8,operating,2017,39.047,31.377,exact,,https://www.gem.wiki/Emirdag_solar_farm
solar,Emirler 1 Hybrid solar project,3.5,operating,,37.8276,29.239,approximate,Denizli,https://www.gem.wiki/Emirler_1_Hybrid_solar_project
solar,Enerbes Polatli Biyogaz Santrali solar project,4.1,operating,,39.9208,32.854,approximate,Ankara,https://www.gem.wiki/Enerbes_Polatli_Biyogaz_Santrali_solar_project
solar,Era Erzincan Biyokutle Santrali solar project,8,operating,,39.6073,39.2013,approximate,Erzincan,https://www.gem.wiki/Era_Erzincan_Biyokutle_Santrali_solar_project
solar,Era Erzincan Biyokutle Santrali-2 solar project,3,operating,,39.6073,39.2013,approximate,Erzincan,https://www.gem.wiki/Era_Erzincan_Biyokutle_Santrali-2_solar_project
solar,Eregli MT solar project,10,operating,2018,37.724,33.937,approximate,,https://www.gem.wiki/Eregli_MT_solar_project
solar,Erentepe A solar project,5.9,operating,2017,37.3724,32.8252,approximate,Erentepe,https://www.gem.wiki/Erentepe_A_solar_project
solar,Erkar Enerji Uretim Tesisi solar project,1.6,operating,,39.6073,39.2013,approximate,Erzincan,https://www.gem.wiki/Erkar_Enerji_Uretim_Tesisi_solar_project
solar,Erzurum solar farm,5.3,operating,2016,39.9316,41.066,exact,Erzurum,https://www.gem.wiki/Erzurum_solar_farm
solar,Eskipazar solar project,6.6,operating,2017,40.923,32.7101,approximate,,https://www.gem.wiki/Eskipazar_solar_project
solar,Eti solar farm,45.4,operating,,37.4199,31.8456,approximate,,https://www.gem.wiki/Eti_solar_farm
solar,Eti solar farm,13.4,operating,,37.435,31.8481,exact,,https://www.gem.wiki/Eti_solar_farm
solar,Fernas-4 solar farm,20,operating,2020,37.1108,29.7229,exact,,https://www.gem.wiki/Fernas-4_solar_farm
solar,Firanlar solar project,9,operating,2019,39.766,29.4701,approximate,Firanlar,https://www.gem.wiki/Firanlar_solar_project
solar,Foca Biyogaz Enerji Santrali solar project,3.3,operating,,38.4237,27.1428,approximate,Izmir,https://www.gem.wiki/Foca_Biyogaz_Enerji_Santrali_solar_project
solar,G Hybrid solar project,7.2,operating,,40.055,26.9278,approximate,Canakkale,https://www.gem.wiki/G_Hybrid_solar_project
solar,Gelibolu Hybrid solar project,10.8,operating,,40.4193,26.6604,approximate,,https://www.gem.wiki/Gelibolu_Hybrid_solar_project
solar,Gencali A solar project,10,operating,2016,37.994,30.049,approximate,Gençali,https://www.gem.wiki/Gencali_A_solar_project
solar,Girlevik 3 Regulatoru Ve Karatus Hybrid solar project,3.6,operating,,39.6073,39.2013,approximate,Erzincan,https://www.gem.wiki/Girlevik_3_Regulatoru_Ve_Karatus_Hybrid_solar_project
solar,Gitas-1 solar farm,14,operating,2021,37.7366,33.5599,exact,Konya,https://www.gem.wiki/Gitas-1_solar_farm
solar,Gokbel I-Ii Hybrid solar project,19.7,operating,,37.9465,30.9602,approximate,Isparta,https://www.gem.wiki/Gokbel_I-Ii_Hybrid_solar_project
solar,Gokboget Hybrid solar project,3.3,operating,,37.9465,30.9602,approximate,Isparta,https://www.gem.wiki/Gokboget_Hybrid_solar_project
solar,Gonen B solar project,11,operating,2018,37.942,30.532,approximate,,https://www.gem.wiki/Gonen_B_solar_project
solar,Goodyear Kocaeli Kojenerasyon solar project,5.4,operating,,40.8217,29.9507,approximate,Kocaeli,https://www.gem.wiki/Goodyear_Kocaeli_Kojenerasyon_solar_project
solar,Gozlu Biyogaz Enerji Santrali solar project,1.1,operating,,37.8727,32.4924,approximate,Konya,https://www.gem.wiki/Gozlu_Biyogaz_Enerji_Santrali_solar_project
solar,Greenway Mersin Tower CSP solar farm,1.4,operating,2021,36.8657,34.6099,exact,,https://www.gem.wiki/Greenway_Mersin_Tower_CSP_solar_farm
solar,Gundogan solar project,15,operating,2018,36.9008,35.6852,approximate,Gündoğan,https://www.gem.wiki/Gundogan_solar_project
solar,Guney Hybrid solar project,3.2,operating,,37.8276,29.239,approximate,Denizli,https://www.gem.wiki/Guney_Hybrid_solar_project
solar,Guneykent (Vektor) solar project,18,operating,2017,38.0207,30.3565,approximate,Güneykent,https://www.gem.wiki/Guneykent_(Vektor)_solar_project
solar,Hacilar Hybrid solar project,13.3,operating,,38.3487,38.3191,approximate,Malatya,https://www.gem.wiki/Hacilar_Hybrid_solar_project
solar,Hadim solar project,5,operating,2015,36.924,32.691,approximate,,https://www.gem.wiki/Hadim_solar_project
solar,Halilbeyli Biyogaz Enerji Santrali solar project,4.6,operating,,38.4237,27.1428,approximate,Izmir,https://www.gem.wiki/Halilbeyli_Biyogaz_Enerji_Santrali_solar_project
solar,Hamal solar farm,9,operating,2018,39.0936,37.3331,exact,Sivas,https://www.gem.wiki/Hamal_solar_farm
solar,Hermancik solar project,10,operating,2018,40.7017,34.9366,approximate,,https://www.gem.wiki/Hermancik_solar_project
solar,Hilvan solar farm,32,operating,2018,37.5102,38.8994,exact,,https://www.gem.wiki/Hilvan_solar_farm
solar,Hisar Biogaz solar project,4.6,operating,,39.7744,30.5191,approximate,Eskisehir,https://www.gem.wiki/Hisar_Biogaz_solar_project
solar,Hybrid solar projectas Biyokutle Enerji Santrali,16.6,operating,,36.2026,36.1604,approximate,Hatay,https://www.gem.wiki/Hybrid_solar_projectas_Biyokutle_Enerji_Santrali
solar,Hybrid solar projectkopru-Sakarya,9.6,operating,,40.7732,30.4816,approximate,Sakarya,https://www.gem.wiki/Hybrid_solar_projectkopru-Sakarya
solar,Ibb Biyometanizayon Ve Enerji Uretim Tesisi solar project,1.5,operating,,41.0766,29.0525,approximate,Istanbul,https://www.gem.wiki/Ibb_Biyometanizayon_Ve_Enerji_Uretim_Tesisi_solar_project
solar,Ida Hybrid solar project,11.8,operating,,40.055,26.9278,approximate,Canakkale,https://www.gem.wiki/Ida_Hybrid_solar_project
solar,Ilica 2 solar project,5,operating,2017,39.9348,41.0642,approximate,Ilica,https://www.gem.wiki/Ilica_2_solar_project
solar,Ilica 5 solar project,5,operating,2018,39.9348,41.0758,approximate,Ilica,https://www.gem.wiki/Ilica_5_solar_project
solar,Ilica 6 solar project,5,operating,2019,39.9291,41.0713,approximate,Ilica,https://www.gem.wiki/Ilica_6_solar_project
solar,Imamaga A solar project,6,operating,2017,37.7501,38.311,approximate,İmamağa A,https://www.gem.wiki/Imamaga_A_solar_project
solar,Imamoglu solar project,4.5,operating,2017,37.327,35.684,approximate,,https://www.gem.wiki/Imamoglu_solar_project
solar,Incecik A solar project,10,operating,2016,38.354,37.3056,approximate,Incecik,https://www.gem.wiki/Incecik_A_solar_project
solar,Incesu B solar project,15,operating,2015,38.573,35.177,approximate,,https://www.gem.wiki/Incesu_B_solar_project
solar,Incesu solar project,7,operating,2016,38.205,33.784,approximate,,https://www.gem.wiki/Incesu_solar_project
solar,Inegol Osb Kojenerasyon solar project,11,operating,,39.9896,28.8945,approximate,Bursa,https://www.gem.wiki/Inegol_Osb_Kojenerasyon_solar_project
solar,İota M. Firinci solar farm,10,operating,,38.3487,38.3191,approximate,Malatya,https://www.gem.wiki/İota_M._Firinci_solar_farm
solar,Islahiye solar farm,25,operating,2017,37.071,36.684,exact,Islahiye,https://www.gem.wiki/Islahiye_solar_farm
solar,Ispir solar farm,5.1,operating,2017,39.9039,41.2726,approximate,,https://www.gem.wiki/Ispir_solar_farm
solar,Kahramanmaras Kojenerasyon Santrali solar project,16,operating,,37.5813,36.9275,approximate,Kahramanmaras,https://www.gem.wiki/Kahramanmaras_Kojenerasyon_Santrali_solar_project
solar,Kaman solar project,4,operating,2016,39.3373,33.5449,approximate,,https://www.gem.wiki/Kaman_solar_project
solar,Kamber A solar project,6,operating,2018,38.652,35.761,approximate,Talas,https://www.gem.wiki/Kamber_A_solar_project
solar,Kamber B solar project,5.4,operating,2018,38.6507,35.7581,approximate,Talas,https://www.gem.wiki/Kamber_B_solar_project
solar,Kangal solar farm,40,operating,,39.0162,37.2658,exact,Mağara,https://www.gem.wiki/Kangal_solar_farm
solar,Karaagac Reg. Ve Hybrid solar project,5.4,operating,,38.8574,28.0566,approximate,Manisa,https://www.gem.wiki/Karaagac_Reg._Ve_Hybrid_solar_project
solar,Karaalan solar farm,5.8,operating,2017,39.7761,30.5208,approximate,,https://www.gem.wiki/Karaalan_solar_farm
solar,Karadona solar project,5.9,operating,2016,38.052,33.019,approximate,Karatay,https://www.gem.wiki/Karadona_solar_project
solar,Karakus Reg. Ve Hybrid solar project,8.7,operating,,37.7602,38.2773,approximate,Adiyaman,https://www.gem.wiki/Karakus_Reg._Ve_Hybrid_solar_project
solar,Karaman Biyokutle Santrali solar project,2.5,operating,,37.1797,33.3384,approximate,Karaman,https://www.gem.wiki/Karaman_Biyokutle_Santrali_solar_project
solar,Karapınar Yeka solar farm,271,operating,2021,37.756,33.5599,exact,,https://www.gem.wiki/Karapınar_Yeka_solar_farm
solar,Kasar Ve Dual Tekstil solar project,10.5,operating,,40.9913,27.3676,approximate,Tekirdag,https://www.gem.wiki/Kasar_Ve_Dual_Tekstil_solar_project
solar,Kastamonu Entegre Kastamonu Kojenerasyon Santrali solar project,17.4,operating,,41.368,33.7619,approximate,Kastamonu,https://www.gem.wiki/Kastamonu_Entegre_Kastamonu_Kojenerasyon_Santrali_solar_project
solar,Kayseri Osb solar farm,50,operating,2015,38.7072,35.3346,exact,,https://www.gem.wiki/Kayseri_Osb_solar_farm
solar,Kecili A solar project,5,operating,2020,39.992,33.495,approximate,Kecili,https://www.gem.wiki/Kecili_A_solar_project
solar,Kinik Hybrid solar project,7.4,operating,,38.4237,27.1428,approximate,Izmir,https://www.gem.wiki/Kinik_Hybrid_solar_project
solar,Kiranharman solar farm,6.2,operating,2016,39.699,31.968,exact,,https://www.gem.wiki/Kiranharman_solar_farm
solar,Kirdamlari A solar project,6,operating,2017,38.619,28.254,approximate,Kirdamlari,https://www.gem.wiki/Kirdamlari_A_solar_project
solar,Kivanç 2 solar farm,35,operating,2020,36.5396,33.263,exact,,https://www.gem.wiki/Kivanç_2_solar_farm
solar,Kizilcam Reg. Ve Hybrid solar project,1.4,operating,,41.368,33.7619,approximate,Kastamonu,https://www.gem.wiki/Kizilcam_Reg._Ve_Hybrid_solar_project
solar,Kizildere Hybrid solar project,15,operating,,41.0918,29.7895,approximate,Denizli,https://www.gem.wiki/Kizildere_Hybrid_solar_project
solar,Kizkaraca A solar project,5.9,operating,2016,40.1847,34.7769,approximate,Kizkaraca,https://www.gem.wiki/Kizkaraca_A_solar_project
solar,Kızören solar farm,17.8,operating,,38.165,33.211,exact,,https://www.gem.wiki/Kızören_solar_farm
solar,Kmk Biyokutle Enerji Santrali solar project,11,operating,,37.783,36.8307,approximate,Kahramanmaras,https://www.gem.wiki/Kmk_Biyokutle_Enerji_Santrali_solar_project
solar,Kmk Paper Kutahya Kagit Fabrikasi Kojenerasyon Santrali solar project,8.6,operating,,39.2523,29.4938,approximate,Kutahya,https://www.gem.wiki/Kmk_Paper_Kutahya_Kagit_Fabrikasi_Kojenerasyon_Santrali_solar_project
solar,Kovancilar solar farm,15,operating,,38.674,39.8101,exact,,https://www.gem.wiki/Kovancilar_solar_farm
solar,Küçükköy solar farm,18.6,operating,2019,37.0777,30.2382,exact,,https://www.gem.wiki/Küçükköy_solar_farm
solar,Kulu solar project,4,operating,2016,39.156,33.1301,approximate,,https://www.gem.wiki/Kulu_solar_project
solar,Kumrular Biyogaz Santrali solar project,4.4,operating,,41.7078,27.6051,approximate,Kirklareli,https://www.gem.wiki/Kumrular_Biyogaz_Santrali_solar_project
solar,Kurtini Hybrid solar project,14.4,operating,,36.7978,34.6298,approximate,Mersin,https://www.gem.wiki/Kurtini_Hybrid_solar_project
solar,Kutluca solar project,11,operating,2018,40.4877,35.0813,approximate,,https://www.gem.wiki/Kutluca_solar_project
solar,Kuyucak Biyogaz Enerji Santrali solar project,2.2,operating,,37.8484,27.8436,approximate,Aydin,https://www.gem.wiki/Kuyucak_Biyogaz_Enerji_Santrali_solar_project
solar,Kuyucak Hybrid solar project,18.4,operating,,37.8484,27.8436,approximate,Aydin,https://www.gem.wiki/Kuyucak_Hybrid_solar_project
solar,Kuyulukoyak Hybrid solar project,16,operating,,38.0212,32.5225,approximate,Konya,https://www.gem.wiki/Kuyulukoyak_Hybrid_solar_project
solar,Ladik solar project,9.9,operating,2018,38.202,32.306,approximate,Ladik,https://www.gem.wiki/Ladik_solar_project
solar,Uşak Hybrid solar farm,82.1,operating,,38.8103,29.9467,exact,,https://www.gem.wiki/Uşak_Hybrid_solar_farm
solar,Taspinar solar farm,9.4,operating,2024,40.1,28.7463,approximate,,https://www.gem.wiki/Taspinar_solar_farm
solar,Greeneco Jes-6 solar farm,3.9,operating,,37.9548,37.7529,approximate,,https://www.gem.wiki/Greeneco_Jes-6_solar_farm
solar,Licensed (Kalehan Genç Enerji) solar farm,80,operating,2021,38.8283,40.6864,exact,,https://www.gem.wiki/Licensed_(Kalehan_Genç_Enerji)_solar_farm
solar,Bafa solar farm,5.5,operating,,37.5553,27.4598,exact,,https://www.gem.wiki/Bafa_solar_farm
solar,Licensed (Menderes Tekstil Sanayi) solar farm,19.5,operating,,41.0918,29.7895,approximate,Denizli,https://www.gem.wiki/Licensed_(Menderes_Tekstil_Sanayi)_solar_farm
solar,Mutlu 5 solar farm,25,operating,2022,38.1909,35.5405,approximate,,https://www.gem.wiki/Mutlu_5_solar_farm
solar,Akyel-1 solar farm,40,operating,2023,37.0073,36.3867,approximate,Osmaniye,https://www.gem.wiki/Akyel-1_solar_farm
solar,Malatya Ozguclu solar project,10,operating,2018,38.3813,38.4469,approximate,,https://www.gem.wiki/Malatya_Ozguclu_solar_project
solar,Manisa Biyogaz Enerji Uretim Santrali solar project,3.1,operating,,38.8574,28.0566,approximate,Manisa,https://www.gem.wiki/Manisa_Biyogaz_Enerji_Uretim_Santrali_solar_project
solar,Maras solar farm,7.2,operating,2017,38.408,37.2301,exact,,https://www.gem.wiki/Maras_solar_farm
solar,Maspo Jeotermal Enerji Tesisi Iv solar project,10,operating,,38.8574,28.0566,approximate,Manisa,https://www.gem.wiki/Maspo_Jeotermal_Enerji_Tesisi_Iv_solar_project
solar,Mavibayrak Dogu Biyokutle Enerji Santrali solar project,12.6,operating,,37.3611,40.8959,approximate,Mardin,https://www.gem.wiki/Mavibayrak_Dogu_Biyokutle_Enerji_Santrali_solar_project
solar,Mavibayrak-1 Biyokutle Enerji Santrali solar project,12.6,operating,,37.8484,27.8436,approximate,Aydin,https://www.gem.wiki/Mavibayrak-1_Biyokutle_Enerji_Santrali_solar_project
solar,Me-Se solar farm,9.9,operating,2018,38.3459,32.4106,exact,Konya,https://www.gem.wiki/Me-Se_solar_farm
solar,Merekler Reg. Ve Algolu Hybrid solar project,12.5,operating,,41.0373,42.7462,approximate,Ardahan,https://www.gem.wiki/Merekler_Reg._Ve_Algolu_Hybrid_solar_project
solar,Metges Burdur solar farm,10.5,operating,2021,37.6832,30.2539,exact,Burdur,https://www.gem.wiki/Metges_Burdur_solar_farm
solar,Mey Biyogaz Tesisi solar project,1.2,operating,,38.0665,34.7051,approximate,Nigde,https://www.gem.wiki/Mey_Biyogaz_Tesisi_solar_project
solar,MT solar farm (Türkiye),10,operating,2018,37.7985,34.183,exact,Konya,https://www.gem.wiki/MT_solar_farm_(Türkiye)
solar,Nacarli A solar project,5,operating,2017,36.9107,34.7843,approximate,Akdeniz,https://www.gem.wiki/Nacarli_A_solar_project
solar,Naturel & Esenboğa Energy solar farm,3.2,operating,,37.9246,29.8566,approximate,,https://www.gem.wiki/Naturel_&_Esenboğa_Energy_solar_farm
solar,Naturel & Esenboğa Energy solar farm,6,operating,,40.046,33.065,exact,,https://www.gem.wiki/Naturel_&_Esenboğa_Energy_solar_farm
solar,Naturel & Esenboğa Energy solar farm,6,operating,,40.073,33.1201,exact,,https://www.gem.wiki/Naturel_&_Esenboğa_Energy_solar_farm
solar,Naturel & Esenboğa Energy solar farm,2.4,operating,,39.9133,32.8342,approximate,,https://www.gem.wiki/Naturel_&_Esenboğa_Energy_solar_farm
solar,Naturel & Esenboğa Energy solar farm,2.4,operating,,39.9133,32.8342,approximate,,https://www.gem.wiki/Naturel_&_Esenboğa_Energy_solar_farm
solar,Naturel & Esenboğa Energy solar farm,3.1,operating,,39.9133,32.8342,approximate,,https://www.gem.wiki/Naturel_&_Esenboğa_Energy_solar_farm
solar,Naturel & Esenboğa Energy solar farm,1.2,operating,,39.9133,32.8342,approximate,,https://www.gem.wiki/Naturel_&_Esenboğa_Energy_solar_farm
solar,Naturel & Esenboğa Energy solar farm,2.1,operating,,40.0152,30.183,approximate,,https://www.gem.wiki/Naturel_&_Esenboğa_Energy_solar_farm
solar,Naturel & Esenboğa Energy solar farm,10.3,operating,,38.5471,34.5045,approximate,,https://www.gem.wiki/Naturel_&_Esenboğa_Energy_solar_farm
solar,Naturel & Esenboğa Energy solar farm,3.4,operating,,39.6625,35.8802,approximate,,https://www.gem.wiki/Naturel_&_Esenboğa_Energy_solar_farm
solar,Naturel & Esenboğa Energy solar farm,3.3,operating,,39.8116,35.1887,approximate,,https://www.gem.wiki/Naturel_&_Esenboğa_Energy_solar_farm
solar,Obruk Bes solar project,8,operating,2016,38.171,33.209,approximate,Karatay,https://www.gem.wiki/Obruk_Bes_solar_project
solar,Obruk solar project,12,operating,2018,38.1601,33.179,approximate,Karatay,https://www.gem.wiki/Obruk_solar_project
solar,Omicron Engil208 solar farm,10,operating,2018,38.3841,43.2018,exact,Van,https://www.gem.wiki/Omicron_Engil208_solar_farm
solar,Omicron Erciş solar farm,10,operating,2018,38.325,43.659,approximate,Van,https://www.gem.wiki/Omicron_Erciş_solar_farm
solar,Osmancik Hybrid solar project,9.4,operating,,40.6569,35.7727,approximate,Amasya,https://www.gem.wiki/Osmancik_Hybrid_solar_project
solar,Ova Hybrid solar project,13.5,operating,,40.7732,30.4816,approximate,Sakarya,https://www.gem.wiki/Ova_Hybrid_solar_project
solar,Özguclu solar farm,14,operating,,37.486,38.1868,exact,Adiyaman,https://www.gem.wiki/Özguclu_solar_farm
solar,Özkoyuncu Mining solar farm,40,operating,,39.693,27.797,exact,,https://www.gem.wiki/Özkoyuncu_Mining_solar_farm
solar,Özmen-1 solar farm,14,operating,2020,37.2745,27.667,exact,,https://www.gem.wiki/Özmen-1_solar_farm
solar,Ozmen-3 Hybrid solar project,19,operating,,38.8574,28.0566,approximate,Manisa,https://www.gem.wiki/Ozmen-3_Hybrid_solar_project
solar,Palabiyik solar project,10,operating,2019,40.549,35.099,approximate,,https://www.gem.wiki/Palabiyik_solar_project
solar,Pazaryeri solar farm,10.7,operating,2017,40.1614,29.9783,approximate,,https://www.gem.wiki/Pazaryeri_solar_farm
solar,Pinarkent A solar project,5,operating,2018,37.8219,29.2398,approximate,Pamukkale,https://www.gem.wiki/Pinarkent_A_solar_project
solar,Pitane Hybrid solar project,4.8,operating,,38.4237,27.1428,approximate,Izmir,https://www.gem.wiki/Pitane_Hybrid_solar_project
solar,Polatli Hybrid solar project,3.1,operating,,39.716,32.706,approximate,Ankara,https://www.gem.wiki/Polatli_Hybrid_solar_project
solar,Psi Engil207 solar farm,10,operating,2019,38.373,43.2186,exact,Van,https://www.gem.wiki/Psi_Engil207_solar_farm
solar,Ra Güneş Mardin solar farm,9,operating,2019,37.2697,40.753,exact,Mardin,https://www.gem.wiki/Ra_Güneş_Mardin_solar_farm
solar,Renoe Acıpayam solar farm,10,operating,2017,37.4406,29.4395,exact,Denizli,https://www.gem.wiki/Renoe_Acıpayam_solar_farm
solar,Sacikara solar project,7,operating,2018,38.574,32.198,approximate,Saçıkara,https://www.gem.wiki/Sacikara_solar_project
solar,Sakarya Biyogaz Enerji Uretim Tesisi solar project,9.6,operating,,40.7732,30.4816,approximate,Sakarya,https://www.gem.wiki/Sakarya_Biyogaz_Enerji_Uretim_Tesisi_solar_project
solar,Sakarya Duzenli Depolama Depo Gazi Tesisi solar project,4.8,operating,,40.7732,30.4816,approximate,Sakarya,https://www.gem.wiki/Sakarya_Duzenli_Depolama_Depo_Gazi_Tesisi_solar_project
solar,Salihli Biyokutle Yakitli Enerji Santrali solar project,10.5,operating,,38.8574,28.0566,approximate,Manisa,https://www.gem.wiki/Salihli_Biyokutle_Yakitli_Enerji_Santrali_solar_project
solar,Saren Sargin Enerji Tesisi solar project,3.8,operating,,39.9208,32.854,approximate,Ankara,https://www.gem.wiki/Saren_Sargin_Enerji_Tesisi_solar_project
solar,Savcilli solar project,8.9,operating,2017,37.9727,28.7811,approximate,,https://www.gem.wiki/Savcilli_solar_project
solar,Seferoglu solar farm,11,operating,2016,38.7204,35.4949,approximate,,https://www.gem.wiki/Seferoglu_solar_farm
solar,Senirce A solar project,12,operating,2016,37.891,30.534,approximate,Senirce,https://www.gem.wiki/Senirce_A_solar_project
solar,Sereflikochisar Biyogaz Elektrik Uretim Santrali solar project,3.1,operating,,39.9208,32.854,approximate,Ankara,https://www.gem.wiki/Sereflikochisar_Biyogaz_Elektrik_Uretim_Santrali_solar_project
solar,Serra solar farm,8.1,operating,,37.031,31.717,exact,Antalya,https://www.gem.wiki/Serra_solar_farm
solar,Sertavul solar farm,30,operating,,36.7715,33.5344,exact,,https://www.gem.wiki/Sertavul_solar_farm
solar,Seydisehir 1 solar project,15.8,operating,2019,37.435,31.848,approximate,,https://www.gem.wiki/Seydisehir_1_solar_project
solar,Sirikli solar project,7,operating,2016,40.5062,34.7792,approximate,Sirikli,https://www.gem.wiki/Sirikli_solar_project
solar,Sivas solar project,19.1,operating,2017,39.773,36.927,approximate,,https://www.gem.wiki/Sivas_solar_project
solar,Siverek A solar project,5,operating,2018,37.762,39.247,approximate,Guvenli,https://www.gem.wiki/Siverek_A_solar_project
solar,Sofular Hybrid solar project,3.1,operating,,38.3487,38.3191,approximate,Malatya,https://www.gem.wiki/Sofular_Hybrid_solar_project
solar,Soguksu A solar project,7,operating,2017,40.211,29.419,approximate,Kestel,https://www.gem.wiki/Soguksu_A_solar_project
solar,Soguksu solar project,7,operating,2016,40.216,29.431,approximate,Kestel,https://www.gem.wiki/Soguksu_solar_project
solar,Sogut solar farm,3.5,operating,2017,40.0193,30.1816,approximate,,https://www.gem.wiki/Sogut_solar_farm
solar,Solana Konya solar farm,2.2,operating,2019,37.7334,33.5659,exact,Konya,https://www.gem.wiki/Solana_Konya_solar_farm
solar,Solentegre solar farm,8,operating,2016,38.715,39.126,exact,Elazig,https://www.gem.wiki/Solentegre_solar_farm
solar,Sucati Hybrid solar project,3.8,operating,,38.3487,38.3191,approximate,Malatya,https://www.gem.wiki/Sucati_Hybrid_solar_project
solar,Suleymanli solar project,4.6,operating,2017,38.6451,27.1989,approximate,,https://www.gem.wiki/Suleymanli_solar_project
solar,Supra Enerji Santrali solar project,4.9,operating,,37.8727,32.4924,approximate,Konya,https://www.gem.wiki/Supra_Enerji_Santrali_solar_project
solar,Talas solar project,4,operating,2017,38.6529,35.7593,approximate,Talas,https://www.gem.wiki/Talas_solar_project
solar,Tarsus solar farm,9.3,operating,2017,36.9246,34.8895,approximate,,https://www.gem.wiki/Tarsus_solar_farm
solar,Taşkesiği solar farm,13.2,operating,,37.198,30.0701,exact,Antalya,https://www.gem.wiki/Taşkesiği_solar_farm
solar,Tauros Hybrid solar project,12.4,operating,,38.0665,34.7051,approximate,Nigde,https://www.gem.wiki/Tauros_Hybrid_solar_project
solar,Teksin solar farm,33,operating,2020,37.1878,33.3159,exact,Karaman,https://www.gem.wiki/Teksin_solar_farm
solar,Tercan solar farm,5.2,operating,2017,39.7464,39.4914,approximate,,https://www.gem.wiki/Tercan_solar_farm
solar,Tiryaki Agro solar farm,11.4,operating,2018,36.889,34.743,exact,,https://www.gem.wiki/Tiryaki_Agro_solar_farm
solar,Toprakalle A solar project,5,operating,2017,37.026,36.122,approximate,,https://www.gem.wiki/Toprakalle_A_solar_project
solar,Turhal solar project,4.8,operating,2017,40.3375,36.2349,approximate,,https://www.gem.wiki/Turhal_solar_project
solar,Turkmenbeyi Hybrid solar project,1.1,operating,,37.8727,32.4924,approximate,Konya,https://www.gem.wiki/Turkmenbeyi_Hybrid_solar_project
solar,Tursunlu solar project,10.3,operating,2017,38.381,31.786,approximate,Tursunlu,https://www.gem.wiki/Tursunlu_solar_project
solar,Tvs Cop Gazi Elektrik Uretim Tesisi solar project,1.2,operating,,37.8276,29.239,approximate,Denizli,https://www.gem.wiki/Tvs_Cop_Gazi_Elektrik_Uretim_Tesisi_solar_project
solar,Uluder solar farm,15.8,operating,2020,38.419,37.248,exact,,https://www.gem.wiki/Uluder_solar_farm
solar,Uregen Enerji Biyogaz Tesisi solar project,1.6,operating,,39.9208,32.854,approximate,Ankara,https://www.gem.wiki/Uregen_Enerji_Biyogaz_Tesisi_solar_project
solar,Urfa Yogunka solar project,10,operating,2018,37.693,39.411,approximate,Yoğunca,https://www.gem.wiki/Urfa_Yogunka_solar_project
solar,Usak Biogaz Elektrik Uretim Tesisi solar project,4.2,operating,,38.6097,29.3307,approximate,Usak,https://www.gem.wiki/Usak_Biogaz_Elektrik_Uretim_Tesisi_solar_project
solar,Uzunahmet solar project,4,operating,2017,39.9382,41.3985,approximate,,https://www.gem.wiki/Uzunahmet_solar_project
solar,Van Arisu solar farm,55,operating,2020,38.6211,43.21,exact,,https://www.gem.wiki/Van_Arisu_solar_farm
solar,Yakutiye solar farm,5.4,operating,2017,39.9039,41.2726,approximate,,https://www.gem.wiki/Yakutiye_solar_farm
solar,Yapilcanlar2 Hybrid solar project,1.1,operating,,38.4326,33.8977,approximate,Aksaray,https://www.gem.wiki/Yapilcanlar2_Hybrid_solar_project
solar,Yayladami solar project,10,operating,2018,37.654,38.0985,approximate,Yayladamı,https://www.gem.wiki/Yayladami_solar_project
solar,Yaysun solar farm,10,operating,2018,37.8172,34.1839,exact,Konya,https://www.gem.wiki/Yaysun_solar_farm
solar,Yazibelen solar project,8,operating,2016,38.206,32.722,approximate,Selçuklu,https://www.gem.wiki/Yazibelen_solar_project
solar,Yeniba solar project,5.9,operating,2017,38.644,26.836,approximate,Yenibağarası,https://www.gem.wiki/Yeniba_solar_project
solar,Yenifoca solar project,5.7,operating,2017,38.713,26.807,approximate,,https://www.gem.wiki/Yenifoca_solar_project
solar,Yesilgolcuk solar project,4.3,operating,2016,38.2513,34.7845,approximate,,https://www.gem.wiki/Yesilgolcuk_solar_project
solar,Yildirim Hybrid solar project,11,operating,,40.2023,40.2122,approximate,Bayburt,https://www.gem.wiki/Yildirim_Hybrid_solar_project
solar,Zincirli Hybrid solar project,12,operating,,38.7219,35.4873,approximate,Kayseri,https://www.gem.wiki/Zincirli_Hybrid_solar_project
wind,Ada wind farm,10,operating,2015,37.8979,27.3232,exact,,https://www.gem.wiki/Ada_wind_farm
wind,Ada wind farm,12,operating,2021,37.9005,27.3306,exact,,https://www.gem.wiki/Ada_wind_farm
wind,Adapazari wind farm,85,operating,2021,40.507,30.543,exact,,https://www.gem.wiki/Adapazari_wind_farm
wind,Ado Akyurt wind farm,15,operating,2016,40.1878,36.6849,exact,,https://www.gem.wiki/Ado_Akyurt_wind_farm
wind,Air Wind Farm 4,61,operating,2017,41.6044,27.8146,exact,,https://www.gem.wiki/Air_Wind_Farm_4
wind,Ak wind farm,45,operating,2011,38.9207,27.773,exact,,https://www.gem.wiki/Ak_wind_farm
wind,Ak wind farm,10,operating,2018,38.9207,27.773,exact,,https://www.gem.wiki/Ak_wind_farm
wind,Akbük (Antik) wind farm,12,operating,2018,37.476,27.4028,exact,,https://www.gem.wiki/Akbük_(Antik)_wind_farm
wind,Akbük (Ayen) wind farm,32,operating,2009,37.4503,27.3871,exact,,https://www.gem.wiki/Akbük_(Ayen)_wind_farm
wind,Akbük (Ayen) wind farm,21,operating,2016,37.4155,27.4854,exact,,https://www.gem.wiki/Akbük_(Ayen)_wind_farm
wind,Akça wind farm,22,operating,2020,37.4636,27.4123,exact,,https://www.gem.wiki/Akça_wind_farm
wind,Akdag wind farm,24,operating,2018,37.5914,31.6675,exact,,https://www.gem.wiki/Akdag_wind_farm
wind,Akkus wind farm,12,operating,2020,40.8555,36.9744,exact,,https://www.gem.wiki/Akkus_wind_farm
wind,Aksu wind farm,71,operating,2012,38.0028,35.5419,exact,,https://www.gem.wiki/Aksu_wind_farm
wind,Aksu wind farm,10,operating,2019,38.0028,35.5419,exact,,https://www.gem.wiki/Aksu_wind_farm
wind,Akyel wind farm,43,operating,2020,37.0025,33.399,exact,Akipnar,https://www.gem.wiki/Akyel_wind_farm
wind,Akyel wind farm,11,operating,2020,37.0025,33.399,exact,Akipnar,https://www.gem.wiki/Akyel_wind_farm
wind,Akyurt wind farm,15,operating,2016,38.9826,37.3228,exact,,https://www.gem.wiki/Akyurt_wind_farm
wind,Alaçati wind farm,7.2,operating,,38.2887,26.3778,exact,,https://www.gem.wiki/Alaçati_wind_farm
wind,Alaçati wind farm,16,operating,2016,38.2838,26.3455,exact,Alaçatı Mahallesi,https://www.gem.wiki/Alaçati_wind_farm
wind,Alares 2 wind farm,19.2,operating,,40.3476,28.4213,exact,,https://www.gem.wiki/Alares_2_wind_farm
wind,Alares wind farm,10.2,operating,,38.3519,28.5195,approximate,,https://www.gem.wiki/Alares_wind_farm
wind,Aliağa wind farm,9.6,operating,2014,38.8128,26.9073,exact,,https://www.gem.wiki/Aliağa_wind_farm
wind,Aliağa wind farm,9.6,operating,2016,38.8128,26.9073,exact,,https://www.gem.wiki/Aliağa_wind_farm
wind,Alibey wind farm,18,operating,2018,39.3757,27.1678,exact,,https://www.gem.wiki/Alibey_wind_farm
wind,Alibey wind farm,12,operating,2018,39.3757,27.1678,exact,,https://www.gem.wiki/Alibey_wind_farm
wind,Alibeyhüyüğü wind farm,3.5,operating,,38.0846,32.0164,exact,,https://www.gem.wiki/Alibeyhüyüğü_wind_farm
wind,Amasya (Altertif) wind farm,48,operating,2016,40.6415,36.1132,exact,,https://www.gem.wiki/Amasya_(Altertif)_wind_farm
wind,Amasya (Eksim) wind farm,40,operating,2012,40.9283,35.5594,exact,,https://www.gem.wiki/Amasya_(Eksim)_wind_farm
wind,Amasya (Eksim) wind farm,42,operating,2017,40.9283,35.5594,exact,,https://www.gem.wiki/Amasya_(Eksim)_wind_farm
wind,Andoz wind farm,32,operating,2023,37.5203,34.903,exact,,https://www.gem.wiki/Andoz_wind_farm
wind,Arapkir wind farm,12,operating,2019,38.9753,38.5126,exact,,https://www.gem.wiki/Arapkir_wind_farm
wind,Ardiçli wind farm,63,operating,2018,38.153,32.7913,exact,,https://www.gem.wiki/Ardiçli_wind_farm
wind,Arzu wind farm,11,operating,2018,40.9331,35.5363,exact,,https://www.gem.wiki/Arzu_wind_farm
wind,Atakale wind farm,38.4,operating,2021,39.5458,33.5324,approximate,Konur,https://www.gem.wiki/Atakale_wind_farm
wind,Atares-1 wind farm,71,operating,,40.3752,28.2911,exact,,https://www.gem.wiki/Atares-1_wind_farm
wind,Atares-2 wind farm,86.2,operating,,40.3461,28.4121,exact,,https://www.gem.wiki/Atares-2_wind_farm
wind,Atik wind farm,18,operating,2014,36.4943,36.2024,exact,Hatay,https://www.gem.wiki/Atik_wind_farm
wind,Aydos wind farm,25,operating,,41.2696,28.3898,exact,,https://www.gem.wiki/Aydos_wind_farm
wind,Ayyildiz wind farm,15,operating,2009,40.3537,27.8826,exact,,https://www.gem.wiki/Ayyildiz_wind_farm
wind,Ayyildiz wind farm,13,operating,2017,40.3576,27.8901,exact,,https://www.gem.wiki/Ayyildiz_wind_farm
wind,Bafa wind farm,39,operating,2020,37.558,27.4578,exact,,https://www.gem.wiki/Bafa_wind_farm
wind,Bagarasi wind farm,48,operating,2015,37.7236,27.6619,exact,,https://www.gem.wiki/Bagarasi_wind_farm
wind,Baglama wind farm,53,operating,,38.313,42.8263,exact,,https://www.gem.wiki/Baglama_wind_farm
wind,Baglar wind farm,79,operating,2018,38.1228,32.7004,exact,,https://www.gem.wiki/Baglar_wind_farm
wind,Baglar wind farm,14,operating,2021,38.1228,32.7004,exact,,https://www.gem.wiki/Baglar_wind_farm
wind,Balabanli wind farm,50.6,operating,2014,41.1199,27.6212,exact,Balabanlı Mahallesi,https://www.gem.wiki/Balabanli_wind_farm
wind,Balabanli wind farm,36,operating,2016,41.1092,27.6286,exact,,https://www.gem.wiki/Balabanli_wind_farm
wind,Balikesir wind farm,143,operating,2012,39.7606,28.0556,exact,,https://www.gem.wiki/Balikesir_wind_farm
wind,Bandirma (Bilgin) wind farm,30,operating,2006,40.369,28.0969,exact,,https://www.gem.wiki/Bandirma_(Bilgin)_wind_farm
wind,Bandirma (Bilgin) wind farm,16,operating,2015,40.369,28.0969,exact,,https://www.gem.wiki/Bandirma_(Bilgin)_wind_farm
wind,Bandirma (Borusan) wind farm,28,operating,2014,40.3673,28.1475,exact,,https://www.gem.wiki/Bandirma_(Borusan)_wind_farm
wind,Bandirma (Borusan) wind farm,39,operating,2009,40.3673,28.1475,exact,,https://www.gem.wiki/Bandirma_(Borusan)_wind_farm
wind,Bandirma (Borusan) wind farm,21,operating,2010,40.3673,28.1475,exact,,https://www.gem.wiki/Bandirma_(Borusan)_wind_farm
wind,Bandirma-3 (Bursa) wind farm,25,operating,2008,40.2705,27.8573,exact,,https://www.gem.wiki/Bandirma-3_(Bursa)_wind_farm
wind,Bandirma-3 (Bursa) wind farm,17,operating,2016,40.2705,27.8573,exact,,https://www.gem.wiki/Bandirma-3_(Bursa)_wind_farm
wind,Barbaros wind farm,12,operating,2016,40.7914,27.3015,exact,,https://www.gem.wiki/Barbaros_wind_farm
wind,Belen wind farm,30,operating,2009,36.4864,36.1891,exact,Hatay,https://www.gem.wiki/Belen_wind_farm
wind,Belen wind farm,6,operating,,36.4864,36.1891,exact,Hatay,https://www.gem.wiki/Belen_wind_farm
wind,Belen wind farm,12,operating,2012,36.4864,36.1891,exact,Hatay,https://www.gem.wiki/Belen_wind_farm
wind,Bereketli wind farm,32,operating,2016,40.5578,37.3428,exact,,https://www.gem.wiki/Bereketli_wind_farm
wind,Berg wind farm (Türkiye),70,operating,2017,38.9597,27.2322,exact,,https://www.gem.wiki/Berg_wind_farm_(Turkey)
wind,Bergama (Bilgin) wind farm,90,operating,2010,38.9294,27.1938,exact,,https://www.gem.wiki/Bergama_(Bilgin)_wind_farm
wind,Bergama (Bilgin) wind farm,30,operating,2016,38.9294,27.1938,exact,,https://www.gem.wiki/Bergama_(Bilgin)_wind_farm
wind,Bergama (Vento) wind farm,25,operating,2018,39.1526,27.0856,exact,,https://www.gem.wiki/Bergama_(Vento)_wind_farm
wind,Biga wind farm,61,operating,2015,40.4024,27.1721,exact,,https://www.gem.wiki/Biga_wind_farm
wind,Bozcaada wind farm,10,operating,2000,39.8334,25.9716,exact,,https://www.gem.wiki/Bozcaada_wind_farm
wind,Bozuyük wind farm,90,operating,2021,39.8685,29.8422,exact,,https://www.gem.wiki/Bozuyük_wind_farm
wind,Bozyaka wind farm,12,operating,2012,38.7495,26.9466,exact,,https://www.gem.wiki/Bozyaka_wind_farm
wind,Burgaz wind farm,14.9,operating,2007,40.3883,26.583,exact,,https://www.gem.wiki/Burgaz_wind_farm
wind,Çakil wind farm,16,operating,2019,40.5343,29.1258,exact,,https://www.gem.wiki/Çakil_wind_farm
wind,Çakil wind farm,28,operating,2020,40.5343,29.1258,exact,,https://www.gem.wiki/Çakil_wind_farm
wind,Çakkale wind farm,30,operating,2010,39.8664,26.2266,exact,,https://www.gem.wiki/Çakkale_wind_farm
wind,Çaminbasi wind farm,28,operating,2020,38.1214,32.3261,exact,,https://www.gem.wiki/Çaminbasi_wind_farm
wind,Çamseki wind farm,20,operating,2009,39.8913,26.177,exact,,https://www.gem.wiki/Çamseki_wind_farm
wind,Çamseki wind farm,42,operating,2018,39.8913,26.177,exact,,https://www.gem.wiki/Çamseki_wind_farm
wind,Çandarli wind farm,36,operating,,38.9737,26.8561,exact,,https://www.gem.wiki/Çandarli_wind_farm
wind,Çanta wind farm,48,operating,2014,41.1237,28.0567,exact,,https://www.gem.wiki/Çanta_wind_farm
wind,Çatalca wind farm,60,operating,2008,41.1495,28.433,exact,,https://www.gem.wiki/Çatalca_wind_farm
wind,Çatalca wind farm,34,operating,2017,41.1495,28.433,exact,,https://www.gem.wiki/Çatalca_wind_farm
wind,Çaypir wind farm,25,operating,2020,39.7065,28.1052,exact,,https://www.gem.wiki/Çaypir_wind_farm
wind,Çerçikaya wind farm,57,operating,2015,36.434,36.1172,exact,Hatay,https://www.gem.wiki/Çerçikaya_wind_farm
wind,Cerit wind farm,58,operating,2018,37.7242,37.2992,exact,,https://www.gem.wiki/Cerit_wind_farm
wind,Cerit wind farm,35,operating,2020,37.722,37.3313,exact,,https://www.gem.wiki/Cerit_wind_farm
wind,Çesme wind farm,18,operating,2015,38.2989,26.3247,exact,,https://www.gem.wiki/Çesme_wind_farm
wind,Dagpazari (Enerjisa) wind farm,39,operating,2011,36.7725,33.4172,exact,,https://www.gem.wiki/Dagpazari_(Enerjisa)_wind_farm
wind,Dares Datça wind farm,22,operating,2008,36.7804,27.696,exact,,https://www.gem.wiki/Dares_Datça_wind_farm
wind,Dares Datça wind farm,12,operating,2017,36.7804,27.696,exact,,https://www.gem.wiki/Dares_Datça_wind_farm
wind,Dares Datça wind farm,12,operating,2018,36.7607,27.6331,exact,,https://www.gem.wiki/Dares_Datça_wind_farm
wind,Demirciler wind farm,23,operating,2016,37.244,36.6678,exact,,https://www.gem.wiki/Demirciler_wind_farm
wind,Demircili wind farm,7.5,operating,,38.2392,26.7308,exact,,https://www.gem.wiki/Demircili_wind_farm
wind,Demircili wind farm,32,operating,2016,38.2413,26.7409,exact,,https://www.gem.wiki/Demircili_wind_farm
wind,Denizli wind farm,75,operating,2019,37.7779,28.8076,exact,,https://www.gem.wiki/Denizli_wind_farm
wind,Dilek wind farm,24,operating,2015,37.5386,36.4653,exact,,https://www.gem.wiki/Dilek_wind_farm
wind,Dir wind farm,50.6,operating,2013,38.1552,30.1366,exact,,https://www.gem.wiki/Dir_wind_farm
wind,Dir wind farm,27.6,operating,2016,38.1552,30.1366,exact,,https://www.gem.wiki/Dir_wind_farm
wind,Dir wind farm,36.8,operating,,38.1545,30.1359,exact,,https://www.gem.wiki/Dir_wind_farm
wind,Dir wind farm,77,operating,,38.1551,30.1354,exact,,https://www.gem.wiki/Dir_wind_farm
wind,Dir wind farm,8.3,operating,,38.1551,30.1354,exact,,https://www.gem.wiki/Dir_wind_farm
wind,Dirkshof Universal wind farm,211.2,operating,2022,41.1458,28.4591,approximate,,https://www.gem.wiki/Dirkshof_Universal_wind_farm
wind,Düzova wind farm,15,operating,2009,39.0416,27.0291,exact,,https://www.gem.wiki/Düzova_wind_farm
wind,Düzova wind farm,15,operating,2010,39.0416,27.0291,exact,,https://www.gem.wiki/Düzova_wind_farm
wind,Düzova wind farm,5.5,operating,,39.0416,27.0291,exact,,https://www.gem.wiki/Düzova_wind_farm
wind,Düzova wind farm,5.5,operating,,39.0416,27.0291,exact,,https://www.gem.wiki/Düzova_wind_farm
wind,Düzova wind farm,11,operating,2014,39.0416,27.0291,exact,,https://www.gem.wiki/Düzova_wind_farm
wind,Eber wind farm,39,operating,2018,38.4602,30.3957,exact,,https://www.gem.wiki/Eber_wind_farm
wind,Edincik wind farm,30,operating,2013,40.3366,27.8448,exact,,https://www.gem.wiki/Edincik_wind_farm
wind,Edincik wind farm,26,operating,2015,40.3366,27.8448,exact,,https://www.gem.wiki/Edincik_wind_farm
wind,Edincik wind farm,21,operating,2016,40.3366,27.8448,exact,,https://www.gem.wiki/Edincik_wind_farm
wind,Elmali (Peker) wind farm,30,operating,2016,36.3106,33.6521,exact,,https://www.gem.wiki/Elmali_(Peker)_wind_farm
wind,Elmali (Suryapi) wind farm,10,operating,2017,36.2816,33.6458,exact,,https://www.gem.wiki/Elmali_(Suryapi)_wind_farm
wind,Enez wind farm,15,operating,2009,40.7216,26.1968,exact,,https://www.gem.wiki/Enez_wind_farm
wind,Enez wind farm,6.6,operating,,40.7216,26.1968,exact,,https://www.gem.wiki/Enez_wind_farm
wind,Esenköy wind farm,32,operating,2017,40.5828,29.0156,exact,,https://www.gem.wiki/Esenköy_wind_farm
wind,Evrencik wind farm,120,operating,,41.6546,27.7013,exact,,https://www.gem.wiki/Evrencik_wind_farm
wind,Fatma wind farm,80,operating,2016,37.2469,28.4548,exact,Muğla,https://www.gem.wiki/Fatma_wind_farm
wind,Fener wind farm,5.1,operating,,41.6595,35.0044,exact,,https://www.gem.wiki/Fener_wind_farm
wind,Fuat wind farm,20,operating,2015,38.3465,27.5256,exact,,https://www.gem.wiki/Fuat_wind_farm
wind,Fuat wind farm,14,operating,2017,38.3465,27.5256,exact,,https://www.gem.wiki/Fuat_wind_farm
wind,Gazi-9 wind farm,67,operating,,39.9076,26.7313,exact,,https://www.gem.wiki/Gazi-9_wind_farm
wind,Gaziosmanpasa wind farm,50,operating,2021,41.2924,28.1993,exact,,https://www.gem.wiki/Gaziosmanpasa_wind_farm
wind,Ge wind farm,28,operating,2014,39.203,27.9009,exact,,https://www.gem.wiki/Ge_wind_farm
wind,Gelibolu (Rt) wind farm,30,operating,2021,40.2686,26.9066,exact,,https://www.gem.wiki/Gelibolu_(Rt)_wind_farm
wind,Gelibolu (Yelen) wind farm,11,operating,2020,39.6351,26.4214,exact,,https://www.gem.wiki/Gelibolu_(Yelen)_wind_farm
wind,Geres wind farm,30,operating,,39.2095,27.8989,exact,,https://www.gem.wiki/Geres_wind_farm
wind,Geris wind farm,12,operating,2017,37.0761,27.282,exact,,https://www.gem.wiki/Geris_wind_farm
wind,Germiyan wind farm,12,operating,2016,38.3285,26.4376,exact,Reisdere Mahallesi,https://www.gem.wiki/Germiyan_wind_farm
wind,Geycek wind farm,15,operating,2013,39.1237,34.4409,exact,,https://www.gem.wiki/Geycek_wind_farm
wind,Geycek wind farm,90,operating,2013,39.1237,34.4409,exact,,https://www.gem.wiki/Geycek_wind_farm
wind,Geycek wind farm,15,operating,2014,39.1237,34.4409,exact,,https://www.gem.wiki/Geycek_wind_farm
wind,Geycek wind farm,48,operating,2014,39.1237,34.4409,exact,,https://www.gem.wiki/Geycek_wind_farm
wind,Geyve wind farm,50,operating,,40.5659,30.4501,exact,,https://www.gem.wiki/Geyve_wind_farm
wind,Gök wind farm,36,operating,2014,39.0665,39.7808,exact,,https://www.gem.wiki/Gök_wind_farm
wind,Gökçedag wind farm,135,operating,2009,37.1679,36.6644,exact,,https://www.gem.wiki/Gökçedag_wind_farm
wind,Gökdag wind farm,10,operating,2018,41.1344,30.288,exact,Karaağaç Mahallesi,https://www.gem.wiki/Gökdag_wind_farm
wind,Göktepe wind farm,121.1,operating,,40.562,28.8702,exact,,https://www.gem.wiki/Göktepe_wind_farm
wind,Gökzirve wind farm,25.2,operating,2022,38.4537,27.1765,approximate,,https://www.gem.wiki/Gökzirve_wind_farm
wind,Greif wind farm,1.2,operating,,41.1338,34.6226,exact,,https://www.gem.wiki/Greif_wind_farm
wind,Gülpir wind farm,10,operating,2019,39.9788,26.4472,exact,,https://www.gem.wiki/Gülpir_wind_farm
wind,Gülpir wind farm,24,operating,2020,39.9788,26.4472,exact,,https://www.gem.wiki/Gülpir_wind_farm
wind,Gündogdu wind farm,9.6,operating,,40.2024,29.1343,exact,,https://www.gem.wiki/Gündogdu_wind_farm
wind,Güney wind farm,74,operating,,40.3026,28.5378,exact,,https://www.gem.wiki/Güney_wind_farm
wind,Istanbul wind farm,200,operating,2021,41.4486,28.2652,exact,,https://www.gem.wiki/Istanbul_wind_farm
wind,Güydin wind farm,12,operating,2012,39.9735,28.0102,exact,,https://www.gem.wiki/Güydin_wind_farm
wind,Güydin wind farm,8.3,operating,,39.9731,28.0093,exact,,https://www.gem.wiki/Güydin_wind_farm
wind,Hacı Bey wind farm,68.8,operating,,41.4095,28.3376,exact,,https://www.gem.wiki/Hacı_Bey_wind_farm
wind,Hamsi wind farm,35,operating,2021,41.6655,35.0355,exact,Sinop,https://www.gem.wiki/Hamsi_wind_farm
wind,Hamzabeyli wind farm,25.2,operating,,41.9603,26.677,exact,,https://www.gem.wiki/Hamzabeyli_wind_farm
wind,Harmanlik wind farm,55,operating,2015,40.3452,28.5298,exact,,https://www.gem.wiki/Harmanlik_wind_farm
wind,Hasanbeyli wind farm,50,operating,2014,37.1072,36.5798,exact,,https://www.gem.wiki/Hasanbeyli_wind_farm
wind,Hasanoba wind farm,51,operating,2019,40.0165,26.3766,exact,,https://www.gem.wiki/Hasanoba_wind_farm
wind,Havran wind farm,16,operating,2011,39.5198,27.1398,exact,,https://www.gem.wiki/Havran_wind_farm
wind,Havran wind farm,12,operating,2019,39.5198,27.1398,exact,,https://www.gem.wiki/Havran_wind_farm
wind,Havza wind farm,14,operating,2019,40.9601,35.5466,exact,,https://www.gem.wiki/Havza_wind_farm
wind,Havza wind farm,42,operating,2020,40.9601,35.5466,exact,,https://www.gem.wiki/Havza_wind_farm
wind,İçdaş Biga wind farm,60.8,operating,,40.4046,27.1617,exact,,https://www.gem.wiki/İçdaş_Biga_wind_farm
wind,Incesu wind farm,13,operating,2014,38.0905,30.3287,exact,,https://www.gem.wiki/Incesu_wind_farm
wind,Incesu wind farm,16,operating,2017,38.0905,30.3287,exact,,https://www.gem.wiki/Incesu_wind_farm
wind,Intepe wind farm,23,operating,2007,40.0401,26.3926,exact,,https://www.gem.wiki/Intepe_wind_farm
wind,Intepe wind farm,16,operating,2016,40.0401,26.3926,exact,,https://www.gem.wiki/Intepe_wind_farm
wind,İpektepe wind farm,24,operating,,39.6257,43.6843,exact,,https://www.gem.wiki/İpektepe_wind_farm
wind,Işıklar wind farm,50,operating,2024,39.0389,29.4134,approximate,Eskigediz,https://www.gem.wiki/Işıklar_wind_farm
wind,Istanbul (Caba) wind farm,24,operating,2021,41.1232,29.0706,approximate,Yeniköy,https://www.gem.wiki/Istanbul_(Caba)_wind_farm
wind,Istanbul (Caba) wind farm,187,operating,2021,41.1232,29.0706,approximate,Yeniköy,https://www.gem.wiki/Istanbul_(Caba)_wind_farm
wind,Kalfaköy wind farm,10,operating,2018,40.0902,27.7223,exact,,https://www.gem.wiki/Kalfaköy_wind_farm
wind,Kandira wind farm,49,operating,2021,41.1152,30.0451,exact,Hacımazlı Mahallesi,https://www.gem.wiki/Kandira_wind_farm
wind,Kangal wind farm,44,operating,2014,39.0297,37.2745,exact,,https://www.gem.wiki/Kangal_wind_farm
wind,Kangal wind farm,34,operating,2015,39.0297,37.2745,exact,,https://www.gem.wiki/Kangal_wind_farm
wind,Kangal wind farm,50,operating,2017,39.0297,37.2745,exact,,https://www.gem.wiki/Kangal_wind_farm
wind,Kanije wind farm,64,operating,2016,41.1261,26.8785,exact,Subaşı Mahallesi,https://www.gem.wiki/Kanije_wind_farm
wind,Kapidag wind farm,24,operating,2013,40.4975,27.7046,exact,,https://www.gem.wiki/Kapidag_wind_farm
wind,Kapidag wind farm,4,operating,,40.4958,27.7021,exact,,https://www.gem.wiki/Kapidag_wind_farm
wind,Karaburun wind farm (Türkiye),104,operating,2019,38.6428,26.4434,exact,,https://www.gem.wiki/Karaburun_wind_farm_(Türkiye)
wind,Karaburun wind farm (Türkiye),28,operating,2020,38.6428,26.4434,exact,,https://www.gem.wiki/Karaburun_wind_farm_(Türkiye)
wind,Karaburun wind farm (Türkiye),60,operating,2013,38.6428,26.4434,exact,,https://www.gem.wiki/Karaburun_wind_farm_(Türkiye)
wind,Karaburun wind farm (Türkiye),60,operating,2013,38.6428,26.4434,exact,,https://www.gem.wiki/Karaburun_wind_farm_(Türkiye)
wind,Karacabey wind farm,30,operating,2016,40.2994,28.3644,exact,,https://www.gem.wiki/Karacabey_wind_farm
wind,Karacayir wind farm,13,operating,2016,39.9428,36.9967,exact,Sivas Merkez,https://www.gem.wiki/Karacayir_wind_farm
wind,Karadag (Boyut) wind farm,18,operating,2016,38.3069,26.2912,exact,Çiftlik Mahallesi,https://www.gem.wiki/Karadag_(Boyut)_wind_farm
wind,Karadag (Gama) wind farm,10,operating,2012,38.7581,26.9176,exact,,https://www.gem.wiki/Karadag_(Gama)_wind_farm
wind,Karadere wind farm,16,operating,2014,41.8933,27.4852,exact,Çukurpınar,https://www.gem.wiki/Karadere_wind_farm
wind,Karakurt wind farm,11,operating,2007,39.1007,27.8216,exact,,https://www.gem.wiki/Karakurt_wind_farm
wind,Karakurt wind farm,12,operating,,39.1007,27.8216,exact,,https://www.gem.wiki/Karakurt_wind_farm
wind,Karaman wind farm,46.8,operating,,36.9773,33.5546,exact,Karaman,https://www.gem.wiki/Karaman_wind_farm
wind,Karamürsel wind farm,15.6,operating,,40.6504,29.685,exact,,https://www.gem.wiki/Karamürsel_wind_farm
wind,Karatepe wind farm,14,operating,,40.741,27.019,exact,,https://www.gem.wiki/Karatepe_wind_farm
wind,Karlitepe wind farm,35,operating,2020,36.4581,30.1077,exact,,https://www.gem.wiki/Karlitepe_wind_farm
wind,Karova wind farm,20,operating,2018,37.0564,27.6544,exact,,https://www.gem.wiki/Karova_wind_farm
wind,Karova wind farm,10,operating,2018,37.0564,27.6544,exact,,https://www.gem.wiki/Karova_wind_farm
wind,Kartaldagi wind farm,66,operating,2017,37.1574,36.9296,exact,,https://www.gem.wiki/Kartaldagi_wind_farm
wind,Kavakli wind farm,53,operating,2014,39.721,27.8311,exact,,https://www.gem.wiki/Kavakli_wind_farm
wind,Kayadüzü wind farm,82,operating,,40.8734,35.4561,approximate,,https://www.gem.wiki/Kayadüzü_wind_farm
wind,Keltepe wind farm,21,operating,2009,39.9614,28.0512,exact,,https://www.gem.wiki/Keltepe_wind_farm
wind,Keltepe wind farm,2.3,operating,,39.9553,28.0529,exact,,https://www.gem.wiki/Keltepe_wind_farm
wind,Keltepe wind farm,6.9,operating,,39.9553,28.0529,exact,,https://www.gem.wiki/Keltepe_wind_farm
wind,Kemerburgaz wind farm,24,operating,2008,41.2379,28.6922,exact,,https://www.gem.wiki/Kemerburgaz_wind_farm
wind,Kinik wind farm,54,operating,2016,39.0586,27.3624,exact,,https://www.gem.wiki/Kinik_wind_farm
wind,Kirazli (Rt) wind farm,34,operating,2020,38.0943,28.423,exact,,https://www.gem.wiki/Kirazli_(Rt)_wind_farm
wind,Kirazli (Türkerler) wind farm,19,operating,2020,38.0943,28.423,exact,,https://www.gem.wiki/Kirazli_(Türkerler)_wind_farm
wind,Kirkagaç wind farm,46,operating,2016,39.0676,27.6567,exact,,https://www.gem.wiki/Kirkagaç_wind_farm
wind,Kiyiköy (Borusan) wind farm,28,operating,2014,41.6793,28.0618,exact,,https://www.gem.wiki/Kiyiköy_(Borusan)_wind_farm
wind,Kiyiköy (Borusan) wind farm,65,operating,2020,41.6793,28.0618,exact,,https://www.gem.wiki/Kiyiköy_(Borusan)_wind_farm
wind,Kiyiköy (Ece-Tur) wind farm,45,operating,2015,41.5057,28.0157,exact,Güngörmez Mahallesi,https://www.gem.wiki/Kiyiköy_(Ece-Tur)_wind_farm
wind,Kizilcaterzi wind farm,15,operating,2019,40.6501,27.0389,exact,,https://www.gem.wiki/Kizilcaterzi_wind_farm
wind,Kıllık wind farm,94,operating,2011,40.1697,36.5611,approximate,Killik,https://www.gem.wiki/Kıllık_wind_farm
wind,Kocadağ-2 wind farm,25,operating,,38.2922,26.5836,exact,Birgi Mahallesi,https://www.gem.wiki/Kocadağ-2_wind_farm
wind,Kocalar wind farm,31,operating,2019,40.1205,26.8122,exact,,https://www.gem.wiki/Kocalar_wind_farm
wind,Kocatepe wind farm,48,operating,2019,38.4898,30.3707,exact,,https://www.gem.wiki/Kocatepe_wind_farm
wind,Kocatepe wind farm,52,operating,2020,38.4898,30.3707,exact,,https://www.gem.wiki/Kocatepe_wind_farm
wind,Konakpınar wind farm,14.7,operating,,38.9847,37.331,exact,,https://www.gem.wiki/Konakpınar_wind_farm
wind,Kores wind farm,15,operating,2009,38.2878,26.5884,exact,Birgi Mahallesi,https://www.gem.wiki/Kores_wind_farm
wind,Kores wind farm,7.5,operating,,38.2878,26.5884,exact,Birgi Mahallesi,https://www.gem.wiki/Kores_wind_farm
wind,Korkmaz wind farm,25,operating,2014,38.2546,26.7578,exact,,https://www.gem.wiki/Korkmaz_wind_farm
wind,Koru wind farm,55,operating,2015,40.2288,26.7839,exact,,https://www.gem.wiki/Koru_wind_farm
wind,Köseler wind farm,71,operating,2018,39.9479,26.432,exact,Arasanlı,https://www.gem.wiki/Köseler_wind_farm
wind,Kozbeyli wind farm,23,operating,2012,38.7134,26.8708,exact,,https://www.gem.wiki/Kozbeyli_wind_farm
wind,Kozbeyli wind farm,13,operating,,38.7134,26.8708,exact,,https://www.gem.wiki/Kozbeyli_wind_farm
wind,Küptepe wind farm,11.7,operating,,41.207,28.4145,exact,,https://www.gem.wiki/Küptepe_wind_farm
wind,Kürekdagi wind farm,36,operating,2016,40.5769,29.0269,exact,,https://www.gem.wiki/Kürekdagi_wind_farm
wind,Kurtini wind farm,14,operating,2018,36.3519,33.5105,exact,,https://www.gem.wiki/Kurtini_wind_farm
wind,Kurtkayasi wind farm,46,operating,2016,38.0538,35.4794,exact,,https://www.gem.wiki/Kurtkayasi_wind_farm
wind,Kuşadası wind farm,103.5,operating,,37.8166,27.4074,exact,,https://www.gem.wiki/Kuşadası_wind_farm
wind,Kuyucak wind farm,28,operating,2010,39.3081,27.935,exact,,https://www.gem.wiki/Kuyucak_wind_farm
wind,Kuyucak wind farm,12,operating,2015,39.3081,27.935,exact,,https://www.gem.wiki/Kuyucak_wind_farm
wind,Kuyucak wind farm,1.8,operating,,39.3081,27.935,exact,,https://www.gem.wiki/Kuyucak_wind_farm
wind,Kuyulukoyak wind farm,16,operating,2020,38.1381,32.356,exact,,https://www.gem.wiki/Kuyulukoyak_wind_farm
wind,Madranbaba wind farm,20,operating,2013,37.6363,28.1823,exact,,https://www.gem.wiki/Madranbaba_wind_farm
wind,Manastır-Esenköy wind farm,43.1,operating,,40.579,29.0101,exact,,https://www.gem.wiki/Manastır-Esenköy_wind_farm
wind,Mare Mastir wind farm,14,operating,2016,38.2768,26.4703,exact,Karaköy Mahallesi,https://www.gem.wiki/Mare_Mastir_wind_farm
wind,Mare Mastir wind farm,13,operating,2006,38.2768,26.4703,exact,Karaköy Mahallesi,https://www.gem.wiki/Mare_Mastir_wind_farm
wind,Mare Mastir wind farm,26,operating,2007,38.2768,26.4703,exact,Karaköy Mahallesi,https://www.gem.wiki/Mare_Mastir_wind_farm
wind,Maslaktepe wind farm,23,operating,2019,39.8573,26.7294,exact,,https://www.gem.wiki/Maslaktepe_wind_farm
wind,Mazi wind farm,30,operating,2011,38.2359,26.4368,exact,Alaçatı Mahallesi,https://www.gem.wiki/Mazi_wind_farm
wind,Mersin Mut wind farm,42,operating,2010,36.7298,33.2281,exact,,https://www.gem.wiki/Mersin_Mut_wind_farm
wind,Mersin Mut wind farm,21,operating,2017,36.7298,33.2281,exact,,https://www.gem.wiki/Mersin_Mut_wind_farm
wind,Mersinli wind farm,62,operating,2020,38.2949,27.4796,exact,,https://www.gem.wiki/Mersinli_wind_farm
wind,Meryem (Rt) wind farm,30,operating,2020,40.1984,30.0643,exact,Bilecik Merkez,https://www.gem.wiki/Meryem_(Rt)_wind_farm
wind,Meryem (Türkerler) wind farm,11,operating,2020,40.1984,30.0643,exact,Bilecik Merkez,https://www.gem.wiki/Meryem_(Türkerler)_wind_farm
wind,Metafor wind farm,49.7,operating,,39.2956,41.0091,approximate,,https://www.gem.wiki/Metafor_wind_farm
wind,Metristepe wind farm,40,operating,2011,39.9134,30.1819,exact,,https://www.gem.wiki/Metristepe_wind_farm
wind,Miskevank wind farm,4.8,operating,,38.5194,42.1761,exact,,https://www.gem.wiki/Miskevank_wind_farm
wind,Mordogan (Ayen) wind farm,32,operating,2014,38.5216,26.5727,exact,,https://www.gem.wiki/Mordogan_(Ayen)_wind_farm
wind,Mordogan (Egenda) wind farm,15,operating,2016,38.4892,26.5965,exact,,https://www.gem.wiki/Mordogan_(Egenda)_wind_farm
wind,Mut wind farm,55,operating,2015,36.9302,33.2228,exact,,https://www.gem.wiki/Mut_wind_farm
wind,Mutlu 5 wind farm,47,operating,2020,38.149,32.5497,exact,,https://www.gem.wiki/Mutlu_5_wind_farm
wind,Ödemis wind farm,21,operating,2015,38.0604,27.7937,exact,Dallık Mahallesi,https://www.gem.wiki/Ödemis_wind_farm
wind,Ödemis wind farm,21,operating,2016,38.0604,27.7937,exact,Dallık Mahallesi,https://www.gem.wiki/Ödemis_wind_farm
wind,Ömerli wind farm,100,operating,,41.1864,28.2391,exact,,https://www.gem.wiki/Ömerli_wind_farm
wind,Orhanlı wind farm,12,operating,,36.3778,36.0892,exact,Hatay,https://www.gem.wiki/Orhanlı_wind_farm
wind,Örlemis wind farm,28,operating,2020,38.9338,27.1381,exact,,https://www.gem.wiki/Örlemis_wind_farm
wind,Ortamandira wind farm,11,operating,2015,39.6407,27.8118,exact,,https://www.gem.wiki/Ortamandira_wind_farm
wind,Ova wind farm,18,operating,2016,38.0277,28.1226,exact,,https://www.gem.wiki/Ova_wind_farm
wind,Ovacik (Eksim) wind farm,25,operating,2019,38.9607,27.1669,exact,,https://www.gem.wiki/Ovacik_(Eksim)_wind_farm
wind,Ovacik wind farm,28.8,operating,2020,38.2823,26.3458,exact,Alaçatı Mahallesi,https://www.gem.wiki/Ovacik_wind_farm
wind,Özbek wind farm,29,operating,2020,36.3856,36.1201,exact,Hatay,https://www.gem.wiki/Özbek_wind_farm
wind,Pamukova wind farm,23,operating,2020,40.5463,30.347,exact,,https://www.gem.wiki/Pamukova_wind_farm
wind,Pazarköy wind farm,46,operating,,39.8132,27.4534,exact,,https://www.gem.wiki/Pazarköy_wind_farm
wind,Petkim wind farm,9.6,operating,,38.4758,26.5815,exact,,https://www.gem.wiki/Petkim_wind_farm
wind,Petkim wind farm,51,operating,2016,38.8149,26.9068,exact,,https://www.gem.wiki/Petkim_wind_farm
wind,Poyraz (Mön) wind farm,32,operating,2016,39.898,28.268,exact,,https://www.gem.wiki/Poyraz_(Mön)_wind_farm
wind,Poyraz (Polat) wind farm,58,operating,2012,39.7574,28.1174,exact,,https://www.gem.wiki/Poyraz_(Polat)_wind_farm
wind,Poyraz (Polat) wind farm,14,operating,2016,39.7574,28.1174,exact,,https://www.gem.wiki/Poyraz_(Polat)_wind_farm
wind,Poyrazgölü (Demirer) wind farm,13,operating,2015,39.8376,28.364,exact,,https://www.gem.wiki/Poyrazgölü_(Demirer)_wind_farm
wind,Poyrazgölü (Ortadogu) wind farm,13,operating,2015,39.8376,28.364,exact,,https://www.gem.wiki/Poyrazgölü_(Ortadogu)_wind_farm
wind,Sa wind farm,25,operating,2010,39.7154,26.3019,exact,,https://www.gem.wiki/Sa_wind_farm
wind,Sadilli wind farm,38,operating,2014,40.7527,26.9421,exact,Elmalı,https://www.gem.wiki/Sadilli_wind_farm
wind,Sah wind farm,93,operating,2011,40.375,28.2174,exact,,https://www.gem.wiki/Sah_wind_farm
wind,Sah wind farm,12,operating,2013,40.375,28.2174,exact,,https://www.gem.wiki/Sah_wind_farm
wind,Salman wind farm,28,operating,2014,38.6288,26.3872,exact,,https://www.gem.wiki/Salman_wind_farm
wind,Samli wind farm,90,operating,2009,39.9336,27.8658,exact,,https://www.gem.wiki/Samli_wind_farm
wind,Samli wind farm,22,operating,2011,39.9336,27.8658,exact,,https://www.gem.wiki/Samli_wind_farm
wind,Samli wind farm,14,operating,2021,39.9336,27.8658,exact,,https://www.gem.wiki/Samli_wind_farm
wind,Samurlu wind farm,32,operating,2012,38.7231,27.0949,exact,,https://www.gem.wiki/Samurlu_wind_farm
wind,Samurlu wind farm,12,operating,,38.7231,27.0949,exact,,https://www.gem.wiki/Samurlu_wind_farm
wind,Şapdağı wind farm,60.4,operating,,39.6421,27.3329,exact,,https://www.gem.wiki/Şapdağı_wind_farm
wind,Sarikaya wind farm,28.8,operating,2009,40.6284,26.9998,exact,,https://www.gem.wiki/Sarikaya_wind_farm
wind,Saritepe (Akfen) wind farm,57,operating,2016,37.1931,36.6847,exact,,https://www.gem.wiki/Saritepe_(Akfen)_wind_farm
wind,Sarıtepe (Zorlu) wind farm,80,operating,2016,37.1966,36.5726,approximate,Bahçe,https://www.gem.wiki/Sarıtepe_(Zorlu)_wind_farm
wind,Saros wind farm,61,operating,2020,40.0818,26.6486,exact,,https://www.gem.wiki/Saros_wind_farm
wind,Saros wind farm,77,operating,,40.0818,26.6486,exact,,https://www.gem.wiki/Saros_wind_farm
wind,Sarpincik wind farm,32,operating,2017,38.658,26.4063,exact,,https://www.gem.wiki/Sarpincik_wind_farm
wind,Sayalar wind farm,34,operating,2008,39.1986,27.9489,exact,,https://www.gem.wiki/Sayalar_wind_farm
wind,Sayalar wind farm,16,operating,2013,39.1986,27.9489,exact,,https://www.gem.wiki/Sayalar_wind_farm
wind,Sebenoba wind farm,28,operating,2008,36.0651,36.0144,exact,Hatay,https://www.gem.wiki/Sebenoba_wind_farm
wind,Sebenoba wind farm,15,operating,2015,36.0651,36.0144,exact,Hatay,https://www.gem.wiki/Sebenoba_wind_farm
wind,Seferihisar (Üst) wind farm,21,operating,2016,38.2225,26.7818,exact,,https://www.gem.wiki/Seferihisar_(Üst)_wind_farm
wind,Seferihisari (Eksim) wind farm,21,operating,2017,38.2119,26.8124,exact,,https://www.gem.wiki/Seferihisari_(Eksim)_wind_farm
wind,Senbük (Tefirom) wind farm,15,operating,2010,36.4545,36.2642,exact,Hatay,https://www.gem.wiki/Senbük_(Tefirom)_wind_farm
wind,Senbük (Tefirom) wind farm,20,operating,2014,36.4545,36.2642,exact,Hatay,https://www.gem.wiki/Senbük_(Tefirom)_wind_farm
wind,Senbük (Zaf) wind farm,29,operating,2013,36.441,36.2225,exact,Hatay,https://www.gem.wiki/Senbük_(Zaf)_wind_farm
wind,Senköy wind farm,27,operating,2012,36.0534,36.1307,exact,Hatay,https://www.gem.wiki/Senköy_wind_farm
wind,Senköy wind farm,9,operating,,36.0534,36.1307,exact,Hatay,https://www.gem.wiki/Senköy_wind_farm
wind,Sertavul wind farm,32,operating,2020,36.7725,33.5387,exact,,https://www.gem.wiki/Sertavul_wind_farm
wind,Seyitali wind farm,30,operating,2011,38.8943,27.1737,exact,,https://www.gem.wiki/Seyitali_wind_farm
wind,Seyitali wind farm,5.5,operating,,38.8943,27.1737,exact,,https://www.gem.wiki/Seyitali_wind_farm
wind,Seyitali wind farm,6,operating,,38.8943,27.1737,exact,,https://www.gem.wiki/Seyitali_wind_farm
wind,Sibel wind farm,80,operating,2020,38.5439,27.3211,exact,,https://www.gem.wiki/Sibel_wind_farm
wind,Sile wind farm,51,operating,2021,40.9853,29.8306,exact,Karagöllü,https://www.gem.wiki/Sile_wind_farm
wind,Silivri wind farm,45,operating,2014,41.1705,28.2885,exact,,https://www.gem.wiki/Silivri_wind_farm
wind,Silivri wind farm,12,operating,2018,41.1705,28.2885,exact,,https://www.gem.wiki/Silivri_wind_farm
wind,Sincik wind farm,28,operating,2013,38.0518,38.6047,exact,,https://www.gem.wiki/Sincik_wind_farm
wind,Soganli wind farm,32,operating,,40.5156,40.2564,exact,,https://www.gem.wiki/Soganli_wind_farm
wind,Söke (Abk) wind farm,30,operating,2012,37.7028,27.3924,exact,,https://www.gem.wiki/Söke_(Abk)_wind_farm
wind,Söke (Bereket) wind farm,50,operating,2015,37.7084,27.3345,exact,,https://www.gem.wiki/Söke_(Bereket)_wind_farm
wind,Söke (Ulusoy) wind farm,38,operating,2020,37.8109,27.3986,exact,Yamaç,https://www.gem.wiki/Söke_(Ulusoy)_wind_farm
wind,Söke (Ulusoy) wind farm,72,operating,,37.8109,27.3986,exact,Yamaç,https://www.gem.wiki/Söke_(Ulusoy)_wind_farm
wind,Soma (Bilgin) wind farm,90,operating,2007,39.2684,27.6162,exact,,https://www.gem.wiki/Soma_(Bilgin)_wind_farm
wind,Soma (Bilgin) wind farm,30,operating,2016,39.2684,27.6162,exact,,https://www.gem.wiki/Soma_(Bilgin)_wind_farm
wind,Soma (Polat) wind farm,45,operating,2009,39.256,27.7991,exact,,https://www.gem.wiki/Soma_(Polat)_wind_farm
wind,Soma (Polat) wind farm,34,operating,2010,39.256,27.7991,exact,,https://www.gem.wiki/Soma_(Polat)_wind_farm
wind,Soma (Polat) wind farm,41,operating,2011,39.256,27.7991,exact,,https://www.gem.wiki/Soma_(Polat)_wind_farm
wind,Soma (Polat) wind farm,28,operating,2012,39.256,27.7991,exact,,https://www.gem.wiki/Soma_(Polat)_wind_farm
wind,Soma (Polat) wind farm,64,operating,2014,39.256,27.7991,exact,,https://www.gem.wiki/Soma_(Polat)_wind_farm
wind,Soma (Polat) wind farm,51,operating,2015,39.256,27.7991,exact,,https://www.gem.wiki/Soma_(Polat)_wind_farm
wind,Soma (Polat) wind farm,16,operating,2019,39.256,27.7991,exact,,https://www.gem.wiki/Soma_(Polat)_wind_farm
wind,Soma (Polat) wind farm,32,operating,2020,39.256,27.7991,exact,,https://www.gem.wiki/Soma_(Polat)_wind_farm
wind,Süloglu wind farm,66,operating,2015,41.9466,26.773,exact,,https://www.gem.wiki/Süloglu_wind_farm
wind,Sunjüt wind farm,1.2,operating,,41.1304,28.6199,exact,,https://www.gem.wiki/Sunjüt_wind_farm
wind,Susurluk wind farm,38,operating,2011,39.8093,28.0234,exact,,https://www.gem.wiki/Susurluk_wind_farm
wind,Susurluk wind farm,15,operating,2013,39.8093,28.0234,exact,,https://www.gem.wiki/Susurluk_wind_farm
wind,Susurluk wind farm,15,operating,2017,39.8093,28.0234,exact,,https://www.gem.wiki/Susurluk_wind_farm
wind,Taspinar wind farm,62.4,operating,2021,40.1084,28.7354,exact,,https://www.gem.wiki/Taspinar_wind_farm
wind,Tatlipinar wind farm,20,operating,2019,39.7989,27.7563,exact,,https://www.gem.wiki/Tatlipinar_wind_farm
wind,Tatlipinar wind farm,96,operating,2020,39.7989,27.7563,exact,,https://www.gem.wiki/Tatlipinar_wind_farm
wind,Tayakadin wind farm,51,operating,,41.3798,28.1458,exact,,https://www.gem.wiki/Tayakadin_wind_farm
wind,Tepe wind farm,5.9,operating,,41.0556,28.4436,exact,,https://www.gem.wiki/Tepe_wind_farm
wind,Tire wind farm,22,operating,2017,38.032,27.6564,exact,Ortaköy Mahallesi,https://www.gem.wiki/Tire_wind_farm
wind,Tire wind farm,29,operating,2018,38.032,27.6564,exact,Ortaköy Mahallesi,https://www.gem.wiki/Tire_wind_farm
wind,Tokat wind farm,40,operating,2011,40.1746,36.5261,exact,,https://www.gem.wiki/Tokat_wind_farm
wind,Tokat wind farm,54,operating,2017,40.1746,36.5261,exact,,https://www.gem.wiki/Tokat_wind_farm
wind,Turguttepe wind farm,24,operating,2010,37.4571,27.7899,exact,,https://www.gem.wiki/Turguttepe_wind_farm
wind,Tuzla wind farm,7.5,operating,,39.3359,26.9598,exact,,https://www.gem.wiki/Tuzla_wind_farm
wind,Üçpir wind farm,112,operating,2019,40.1501,26.6506,exact,,https://www.gem.wiki/Üçpir_wind_farm
wind,Ulu wind farm,120.4,operating,,39.911,29.3834,exact,,https://www.gem.wiki/Ulu_wind_farm
wind,Uluborlu wind farm,61,operating,2016,38.1091,30.3886,exact,,https://www.gem.wiki/Uluborlu_wind_farm
wind,Umurlar wind farm,10,operating,2014,39.6524,28.5643,exact,,https://www.gem.wiki/Umurlar_wind_farm
wind,Umurlar wind farm,28,operating,2017,39.6524,28.5643,exact,,https://www.gem.wiki/Umurlar_wind_farm
wind,Urla (Egenda) wind farm,15,operating,2016,38.3188,26.6068,exact,,https://www.gem.wiki/Urla_(Egenda)_wind_farm
wind,Urla (Sancak) wind farm,18,operating,2016,38.2944,26.7855,exact,Ovacık Mahallesi,https://www.gem.wiki/Urla_(Sancak)_wind_farm
wind,Usak (Arz) wind farm,54,operating,2013,38.8302,29.9093,exact,,https://www.gem.wiki/Usak_(Arz)_wind_farm
wind,Vize-2 wind farm,58,operating,2020,41.671,27.7559,exact,,https://www.gem.wiki/Vize-2_wind_farm
wind,Vize-2 wind farm,19,operating,2021,41.671,27.7559,exact,,https://www.gem.wiki/Vize-2_wind_farm
wind,Yahselli wind farm,22,operating,2019,38.5899,27.1672,exact,Göktepe,https://www.gem.wiki/Yahselli_wind_farm
wind,Yahyali (Beyçelik) wind farm,66,operating,2016,38.1128,35.4911,exact,,https://www.gem.wiki/Yahyali_(Beyçelik)_wind_farm
wind,Yahyali (Beyçelik) wind farm,16,operating,2017,38.1128,35.4911,exact,,https://www.gem.wiki/Yahyali_(Beyçelik)_wind_farm
wind,Yahyali (Sancak) wind farm,53,operating,2015,38.1612,35.5387,exact,,https://www.gem.wiki/Yahyali_(Sancak)_wind_farm
wind,Yalova (Bereket) wind farm,54,operating,2016,40.5841,28.9363,exact,,https://www.gem.wiki/Yalova_(Bereket)_wind_farm
wind,Selimiye wind farm,53,operating,2020,40.5558,28.9907,exact,,https://www.gem.wiki/Selimiye_wind_farm
wind,Yamaçtepe wind farm,33,operating,2019,41.2732,28.2662,exact,,https://www.gem.wiki/Yamaçtepe_wind_farm
wind,Yaylaköy wind farm,15,operating,2016,38.5876,26.4519,exact,,https://www.gem.wiki/Yaylaköy_wind_farm
wind,Yenihisar wind farm,22,operating,2018,37.4884,27.3115,exact,,https://www.gem.wiki/Yenihisar_wind_farm
wind,Yeniköy (Artibir) wind farm,15,operating,2021,39.6362,26.5744,exact,,https://www.gem.wiki/Yeniköy_(Artibir)_wind_farm
wind,Yeniköy (Mutlu) wind farm,50,operating,2020,40.215,26.8178,exact,,https://www.gem.wiki/Yeniköy_(Mutlu)_wind_farm
wind,Yilmaz wind farm,15,operating,2020,38.5821,27.1308,exact,,https://www.gem.wiki/Yilmaz_wind_farm
wind,Yuntdag wind farm,42,operating,2008,38.9603,27.1936,exact,,https://www.gem.wiki/Yuntdag_wind_farm
wind,Yuntdag wind farm,15,operating,2011,38.9603,27.1936,exact,,https://www.gem.wiki/Yuntdag_wind_farm
wind,Yuntdag wind farm,2.5,operating,,38.9468,27.188,exact,,https://www.gem.wiki/Yuntdag_wind_farm
wind,Zeliha wind farm,26,operating,2016,41.7776,27.4888,exact,,https://www.gem.wiki/Zeliha_wind_farm
wind,Zeytineli wind farm,15,operating,2013,38.265,26.4929,exact,Alaçatı Mahallesi,https://www.gem.wiki/Zeytineli_wind_farm
wind,Zeytineli wind farm,35,operating,2013,38.265,26.4929,exact,Alaçatı Mahallesi,https://www.gem.wiki/Zeytineli_wind_farm
wind,Zincirli wind farm,12,operating,2016,38.0143,35.4474,exact,,https://www.gem.wiki/Zincirli_wind_farm
wind,Ziyaret wind farm,35,operating,2010,36.1055,36.0461,exact,Hatay,https://www.gem.wiki/Ziyaret_wind_farm
wind,Ziyaret wind farm,22,operating,2011,36.1055,36.0461,exact,Hatay,https://www.gem.wiki/Ziyaret_wind_farm
wind,Ziyaret wind farm,7.5,operating,,36.1055,36.0461,exact,Hatay,https://www.gem.wiki/Ziyaret_wind_farm
wind,Ziyaret wind farm,11,operating,2014,36.1055,36.0461,exact,Hatay,https://www.gem.wiki/Ziyaret_wind_farm
wind,Zonguldak wind farm,120,operating,2022,40.5017,30.4807,exact,,https://www.gem.wiki/Zonguldak_wind_farm
wind,Ilgardere wind farm,11,operating,,39.6044,26.3618,exact,,https://www.gem.wiki/Ilgardere_wind_farm
wind,Kartal wind farm,39,operating,,39.9343,30.4271,exact,,https://www.gem.wiki/Kartal_wind_farm
wind,Uzak (Aydem) wind farm,54,operating,2014,38.8259,29.9087,approximate,,https://www.gem.wiki/Uzak_(Aydem)_wind_farm
solar,Eyüpnebi solar farm,24,operating,2018,37.3943,39.6718,exact,,https://www.gem.wiki/Eyüpnebi_solar_farm
solar,Mutluca solar farm,22,operating,,39.0247,40.9607,exact,,https://www.gem.wiki/Mutluca_solar_farm
solar,Hamsi solar farm,35,operating,,41.6766,35.0855,approximate,,https://www.gem.wiki/Hamsi_solar_farm
solar,Karapınar Yeka solar farm,1079,operating,2023,37.756,33.5599,exact,,https://www.gem.wiki/Karapınar_Yeka_solar_farm
solar,Taspinar solar farm,7,operating,,40.1,28.7463,approximate,,https://www.gem.wiki/Taspinar_solar_farm
wind,Taspinar wind farm,4.8,operating,2020,40.1084,28.7354,exact,,https://www.gem.wiki/Taspinar_wind_farm
wind,Taspinar wind farm,13,operating,2024,40.1084,28.7354,exact,,https://www.gem.wiki/Taspinar_wind_farm
wind,Uzak (Aydem) wind farm,7.5,operating,2019,38.8259,29.9087,approximate,,https://www.gem.wiki/Uzak_(Aydem)_wind_farm
solar,Samsun solar farm,57.3,operating,2024,40.9104,35.8962,approximate,,https://www.gem.wiki/Samsun_solar_farm
solar,Erzin-1 solar power plant,60,operating,2024,36.2149,36.1495,approximate,Hatay,https://www.gem.wiki/Erzin-1_solar_power_plant
solar,Silopi solar project,10.4,operating,,37.4553,42.5212,approximate,Sirnak,https://www.gem.wiki/Silopi_solar_project
solar,Kaletepe Regulatoru Ve Hybrid solar project,12,operating,,39.9063,41.2728,approximate,Erzurum,https://www.gem.wiki/Kaletepe_Regulatoru_Ve_Hybrid_solar_project
solar,Feslek Hybrid solar project,9.5,operating,,37.8484,27.8436,approximate,Aydin,https://www.gem.wiki/Feslek_Hybrid_solar_project
solar,Caygoren Hybrid solar project,4.6,operating,,39.5401,28.0229,approximate,Balikesir,https://www.gem.wiki/Caygoren_Hybrid_solar_project
solar,Alacati Hybrid solar project,16,operating,,38.4237,27.1428,approximate,Izmir,https://www.gem.wiki/Alacati_Hybrid_solar_project
solar,Tuzla solar project,7.5,operating,,40.055,26.9278,approximate,Canakkale,https://www.gem.wiki/Tuzla_solar_project
solar,Piro Reg. Ve Hybrid solar project,4.3,operating,,40.8293,37.4083,approximate,Ordu,https://www.gem.wiki/Piro_Reg._Ve_Hybrid_solar_project
solar,Yasil Hybrid solar project,4.1,operating,,37.5813,36.9275,approximate,Kahramanmaras,https://www.gem.wiki/Yasil_Hybrid_solar_project
solar,Alabalik Reg. Ve Hybrid solar project,16.8,operating,,39.9063,41.2728,approximate,Erzurum,https://www.gem.wiki/Alabalik_Reg._Ve_Hybrid_solar_project
solar,Eger Hybrid solar project,2,operating,,39.2523,29.4938,approximate,Kutahya,https://www.gem.wiki/Eger_Hybrid_solar_project
solar,Salihli Hybrid solar project-1,15,operating,,38.8574,28.0566,approximate,Manisa,https://www.gem.wiki/Salihli_Hybrid_solar_project-1
solar,Karaman Biyogaz Tesisi solar project,1.5,operating,,37.1797,33.3384,approximate,Karaman,https://www.gem.wiki/Karaman_Biyogaz_Tesisi_solar_project
solar,Gundogdu Hybrid solar project,9.6,operating,,39.9896,28.8945,approximate,Bursa,https://www.gem.wiki/Gundogdu_Hybrid_solar_project
solar,Elmali Hybrid solar project,9.9,operating,,36.7978,34.6298,approximate,Mersin,https://www.gem.wiki/Elmali_Hybrid_solar_project
solar,Goksu Hybrid solar project,11.4,operating,,38.0212,32.5225,approximate,Konya,https://www.gem.wiki/Goksu_Hybrid_solar_project
solar,Nil Orme-Corlu solar project,2.7,operating,,40.9913,27.3676,approximate,Tekirdag,https://www.gem.wiki/Nil_Orme-Corlu_solar_project
wind,Ordu wind farm,40,operating,2024,40.941,37.4536,approximate,,https://www.gem.wiki/Ordu_wind_farm